,funny,useful,review_id,text,business_id,ID_bus,stars,date,user_id,cool,polarity,subjectivity,bars_sentiscore,bars_total_business_score
15,0,0,z-wvwV7tL2_RaRbTUCu-2w,definitely best barros location been always consistent clean pleasant employees with great customer service they crazy busy still smiling attentive usually veggie pizza veggie salad cheesy bread which been super bomb nice here watch football game sometimes take break from busy loud sunday football bars miss living tempe this location other ones compare,ygZSfAsnlztdeWZOlJA2Ug,ygZSfAsnlztdeWZOlJA2Ug,5,43368.21836805555,QPS8x5UbSNbVhZUQA7WHGg,0,0.18177083333333338,0.6161458333333335,-0.03125,-0.03125
204,2,3,TsoDXsEaIunc622wi-9p1A,hard miss with centurion guarding entrance wished nice patio weather place very cozy little uncomfortable padded banko seating tables were only several inches higher would have been better first ordered baked brie raspberry wrapped puff pastry hors doeuvres with side grapes couple glasses light fruity portugal wines paired well have some lemonade nope lemonade about sprite sorry sprite look cutie pies face even wine bars would have something drink okay water fine gloomly said promised italian soda next door lolas cheered killer pizzas heard decided order mozarella basil pesto instead white truffle pizza crust amazingly toasty outside soft flaky inside good inches added risotto with manchego cheese chorizo very very very rich rich wanted reach some bread were full carbo didnt balance meals very well good thing took lightrail downtown needed walking after that eating kudos chef hostess server they were absolutely wonderful donec obviam redimus,pKiSzUlBBRNEdTML24piXA,pKiSzUlBBRNEdTML24piXA,4,40753.22677083333,8UPTxp6SXvQe6JoEbEGcyA,3,0.21074074074074076,0.5601851851851852,0.0,0.0
256,0,0,c7BF2Mzmjo-KU6QTOA3GVQ,nothing changed about this place beenahema years since been here used work mill before went corporate used stop slices after bars closed this first places where pizza without pepperoni loved only order salad pizza here even after years still just good slices slices full taste delicious have craving pizza slices topping everyone,Nf1ZtgHwg0Mu5lOaJYgDGQ,Nf1ZtgHwg0Mu5lOaJYgDGQ,5,43085.24962962963,J2keXYCIcr4_dOHYOuECfg,0,0.3625,0.5479166666666667,0.0,-0.015625
355,0,0,ELuXpTshpl3yT1Jus8N5tg,huge selection unique pizzas that taste great youre mill avenue want good slice pizza sure stop here plus open after bars close,Nf1ZtgHwg0Mu5lOaJYgDGQ,Nf1ZtgHwg0Mu5lOaJYgDGQ,5,41876.29553240741,PYTypSe9N2kpI-jFjJTIiA,0,0.4625000000000001,0.7731481481481483,0.0,-0.015625
376,0,0,lauV2GJRlonfGkdb9b6_1w,good stop here every year slices before after spring training trips delicious slices pizza toasted usually they have about eight different options ready great grab pizza home from bars mill,Nf1ZtgHwg0Mu5lOaJYgDGQ,Nf1ZtgHwg0Mu5lOaJYgDGQ,5,42447.92487268519,BLXZhaTrnXnlOWnkfdrMgg,0,0.4083333333333334,0.6166666666666667,0.0,-0.015625
518,1,2,pqK6aFMnAJMCIsNz-qK_Aw,east coast transplant have been search authentic italian imported goods from italy score defalcos italian grocery cafe with salads pizza sandwiches cold pasta soups that made order they have delicious pastry cold case with lemon bars cannolis various italian desserts biscottis made fresh daily their mozzarella seating limited best place group meet there more room back patio after travelling throughout italy there certain staple products that love hooray they here whether cheeses meats packaged pasta canned tomatoes almond syrup youre sure come across some great finds small store actually looks like could italy with their available space definitely worth trip imported beer beverages available,r5PLDU-4mSbde5XekTXSCA,r5PLDU-4mSbde5XekTXSCA,5,42344.23465277778,7kMfuFh7h8PYbcHrqSyqZg,1,0.2127329192546584,0.43057280883367843,-0.015625,-0.03125
651,0,0,DfmZg7W9-X1hUOj-vlZGig,great time taproom tilt last night actually never went tilt taproom heard week after signed corn hole league skeeball night staff very freindly especially snack food whole different level then bars usually frequent pizza delicious burger cooked perfection cousin chicken tenders they were this world expect most venues frozen pizza processed chicken tender this place point will back sure very clean modern facility only problem lousy skee ball,0Oskle2GkyYMseuJ3TDwRA,0Oskle2GkyYMseuJ3TDwRA,5,42999.2902662037,Nzmbmtu3MAkn1pJ2LdeqTg,0,0.12648148148148147,0.5841975308641976,0.0,0.0
745,0,0,BGk0bGfnTrnAnmj2Ikrdmw,first feel like social pariah indifference toward stone vine entire family loves cannot seem warm place although service consistently adequate especially when there with likes flirt with cute waitresses food most part unremarkable lighter note stone vine great addition neighborhood central scottsdale sorely lacking wine department nice such place establish itself area happy hour pretty great well margherita pizza which believe between zuppa clams their wine selection limited comparison other wine bars still have real complaints here also think overpriced what they serve they tend appear groupon quite frequently worth food possibly which makes dining there worthwhile also quite family friendly which perfect typical clientele area overall would recommend giving stone vine restaurant great energy service good also very local feel which somewhat uncommon central north scottsdale restaurant scene apetit,VoXUt6TIJWyIf_lihbN5xQ,VoXUt6TIJWyIf_lihbN5xQ,3,40942.46540509259,iBmunulK2ufzF8iWvqmUBg,0,0.32595238095238094,0.5575396825396824,0.0,0.0
904,0,1,LJSl-UN_s2Rba_Q-hBv4AQ,last time here pizza with mock chicken amazing because have been crazing pizza like crazy also their noodle bowls with mock chicken they were dont usually love fries either here they just good also tried cream last time went fell love definitely recommend they also have small little market cash wrap with cheese less cheese vegan chocolate bars other sweet things havent found other stores also like laid back earthy atmosphere people that here pretty cool only reason stars because little expensive worth occasion,5FIOXmUE3qMviX9GafGH-Q,5FIOXmUE3qMviX9GafGH-Q,4,40417.909004629626,LDoujKIqCS5dgqCl1fHrfQ,1,0.009057971014492763,0.5413043478260869,0.015625,0.015625
988,0,0,UxWE6RoCh7NMb5oyH8KN7Q,best italian deli ever outstanding pastas like lasagne great raviolis sandwhichs that amazing great pizza also great desserts like great cannolis lemon bars,r5PLDU-4mSbde5XekTXSCA,r5PLDU-4mSbde5XekTXSCA,5,42622.208645833336,GS_dUwiLit1qo37qpLatmA,0,0.6625,0.634375,0.0,-0.03125
992,0,2,N65psZH-mitybDfu-KiiGQ,juuuust beaten well never been scottsdale location very excited this place give wood fired oven pizza three stars because deliciously charred crust keep upcoming pizza phoenix list rest establishment four stars things improve flavor schrieners sausage pizza lighting behind those cfls have thats about went over happy hour daily half price most drinks thoroughly impressed value place also jammed cannolis down throat should have eaten that much food definitely pleased with that well love update this least four stars once find right pizza restaurant little small side with very good sized bars inside restaurant another long patio this place really picking walked have high hopes that will become desert ridge area staple,0PMKMyfX1j7Nc4esk1RaMg,0PMKMyfX1j7Nc4esk1RaMg,3,39805.087002314816,Vmsmf4i096q9feBgp4CuXA,1,0.2349281934996221,0.5612509448223734,0.015625,0.015625
1237,4,6,ygu69aLkXqvvZkx_Y2SzWA,star average nuts pick from airport hang around phoenix before flight craving some cream decided stop here good yelp reviews near where umkind wish gone somewhere else walked converted house there were about people front this place tiny only about people comfortably place there only working joint took little serve other people while waiting noticed that some cream looked little melted normal lady front tried order scoop pistachio know that wasnt available took spoon showed couldnt scoop turns that heater sure heater place heater cream cooler permanently they couldnt turn that truly lived melt name anywaysplaced order scoop nutter butter scoop little debbie scoop cookie wasted paid scooped cream credit hook with pretty large scoops into chinese takeout container added fortune cookie here flavor flavor nutter butter tasted like peanut butter cookies cream really really soft though heater issue sure could have been better more hard what that impressed tasted reminded cream make home cuisinart mixer decent great little debbie umcouldnt differentiate taste this nutter butter really peanuty like those little wafer bars same texture taste were skimp cookie wasted vanilla base with oreos chips ahoy cookies once again soft were skimp this flavor best bunch even then just average first impressions very important impressed with quality cream make stuff home that better than this shop small cream expensive ambiance little hipster liking dont think will ever return cream like pizzaits never really this definitely star worthy there plenty other good cream shops located phoenix,3saG51hM2M14G5f-QwhGhg,3saG51hM2M14G5f-QwhGhg,2,42712.24799768518,6jz_Yr6_AP2WWLbj9gGDpA,4,0.14611955420466058,0.5451705504896993,0.0,0.0
1247,0,0,araTsMold8VDkf6oMUmgHw,great vibe nice crowd great music whole blocks full clubs bars dont love where youre drinks were weak biggie played remixed country some favsid back grabbed pizza shop cornerhighly recommend that note takes mins noticed recieve drinktheres alot here worth,2c9Vptks_vowLgVUMnCgjw,2c9Vptks_vowLgVUMnCgjw,4,42824.92866898148,01XVmXqL7PRp1vhUNhddWQ,1,0.3527777777777778,0.5305555555555554,0.015625,0.015625
1573,0,0,3gILYvWX0GxOskKnVjVOkA,hard like slices perfect place night mill stop between bars quick bite best pizza earth nobut they dont that slices unassuming pizza joint that gives exactly what want decently good pizza when youre drunk leave mill this pizza place gets extra star dealing with throngs drunken fools that rush this place after weekends,Nf1ZtgHwg0Mu5lOaJYgDGQ,Nf1ZtgHwg0Mu5lOaJYgDGQ,4,41896.935891203706,cesJam7tnkUIFj8aqZGROA,0,0.3114583333333333,0.5364583333333333,0.015625,-0.015625
1623,0,0,lnvlcGzsIhg_T9kAJTDzDQ,this place crowded best after midnight beers mill adventurous different types they have quite types dude slices trust this their food isnt average pizza walks home after bars close this pizza stars delicious pizza heaven,Nf1ZtgHwg0Mu5lOaJYgDGQ,Nf1ZtgHwg0Mu5lOaJYgDGQ,3,40759.1075,Cg019hlcGquSK7LXR4M0Uw,0,0.47000000000000003,0.6399999999999999,0.0,-0.015625
1780,0,0,UI5pPASmErDg5zwMKGuy_A,recent trip came this slices first time years after going bars mill first time years when younger made usual late night drunken stops here family even used carryout here when werent drunk because pizza pretty decent anyway look best there decent enough theres really much about place small theres always several varieties available slice cheap main reason bumping this place from three four stars because like said pizza isnt that even when youre sober better when youre drunk though,Nf1ZtgHwg0Mu5lOaJYgDGQ,Nf1ZtgHwg0Mu5lOaJYgDGQ,4,40730.90796296296,W5cwxNwGiZJd393PCDQEvA,0,0.0976190476190476,0.45873015873015877,0.0,-0.015625
1971,2,0,07vJJuiFQ7btxJ2Q6rGhpA,gallaghers good sports stop lunch from time time have been there sunday football games they offer watch whatever game want stools like most bars find very uncomfortable however they have bench seating along walls food good great good wont disappointed wont overly exciting buffalo chicken pizza pretty awesome could also kill staff friendly accommodating they have decent selection beers daily specials,5nWfU-qheLL-JzwYgHe_cQ,5nWfU-qheLL-JzwYgHe_cQ,3,41112.86283564815,aAOx-FvLpDvA8uJsts3ERQ,0,0.20611111111111108,0.6744444444444444,0.0,0.0
2004,1,1,DesyOpOIw6fccjt4M3cvfQ,meatball sandwich your mouth right wont regret swear meatball pizza your mouth grilled portobello mushroom sandwich focaccia bread that should your mouth while your lemon bars there good please listen could give defalcos stars give them,r5PLDU-4mSbde5XekTXSCA,r5PLDU-4mSbde5XekTXSCA,5,41961.20822916667,ndJZ6V4brHllWw0kdQyV7w,1,0.4928571428571428,0.5678571428571428,0.0,-0.03125
2240,0,0,fqqV11wUZONyMgAPrsupDQ,went here celebrate getting when there that lights were very could barely read menu there seeming inebriated sitting with legs stretched across three barstools watching game started with fried raviolis which were pretty good pizza best weve topper hair wife found pizza eating almost sick table know hair because back pony tail hair piece cheese stuck waiter didnt even comp whole meal took pizza still drinks will never going there again,0PMKMyfX1j7Nc4esk1RaMg,0PMKMyfX1j7Nc4esk1RaMg,1,43320.82916666667,76Nj0YyCwNx-VSXlmjMzIQ,0,0.12357142857142855,0.39571428571428574,0.0,0.015625
2384,2,4,5-xtv63mK_jVo8htkWzJ_g,after reading other reviews here feel obligated point that slices just atmosphere semi okay pizza joint thats close your office also best late night hangover preventative okay technically near mill avenue once bars close friday saturday night theres line door pesto chicken pizza amazing while sober other people know loyal potato skin pizza slices potato melted cheddar cheese bacon idea whether just want basic cheese pepperoni something with little more pizazz slices sure have something everyone,Nf1ZtgHwg0Mu5lOaJYgDGQ,Nf1ZtgHwg0Mu5lOaJYgDGQ,4,39490.00454861111,Rs-HbyVraRCP2X4ey1t-IQ,2,0.18638888888888888,0.5298148148148148,0.0,-0.015625
2506,0,0,qLgPgLSz-VSKIIzAXM242g,this probably favourite bars time atmosphere great everybody nice friendly difinitely enjoy some peaceful time yourself just want grab drink left alone bartenders fantastic they always sweet attentive make awesome delicious drinks drinks price reasonable they serve food close pizza really good favourite overall awesome place always have good time here,SkO0Kd4_bO4VWTzCa_k8_g,SkO0Kd4_bO4VWTzCa_k8_g,5,43301.592094907406,nsBzjI00d6LILzLU7wCs6w,0,0.5109374999999999,0.65625,0.015625,0.015625
2623,2,3,8MNaWJ0dKb2yuuGSjI6rhA,were desperate find place night location mills avenue near bars price pricey being college town clientele mainly college kids young service shitty rude decor three four tables seating against wall espn menu chalkboard tons pizza that were already baked ready serve food awful thin slices werent crispy thick crust foccacia bread cheese didnt string decent amount toppings each slice pizza just stomach although generally this late dont have this problem,Nf1ZtgHwg0Mu5lOaJYgDGQ,Nf1ZtgHwg0Mu5lOaJYgDGQ,1,39902.8540625,A9AM8NH3ToduRvYDvDSADA,2,-0.17638888888888885,0.6104166666666667,-0.015625,-0.015625
2637,1,5,Yjv8gYeXBoQ5BudYcqBqJg,theres been this craze talk about place called jimmy johns really flippin idea they were what wasall knew that must have according their biggest fans connoisseurs tried menu items# both sooo good nice place alternative instead played pizza joint when bars inch cost anywhere from thats great deal,vhIJ91MDgUuk4Cr9Kpj1Nw,vhIJ91MDgUuk4Cr9Kpj1Nw,5,40273.988171296296,PRDGKuJaTKyABTUGRATJsQ,1,0.575,0.6375,0.0,0.0
2731,0,1,70x_9lhUVVFJxpsY3fsAhA,stopped here late sunday night some food driving wasnt expecting much sometimes dirtiest girl turn prize make mistake this dive through through from outdated everything inside hidden parking behind building that being said there were really things that stood short time there enclosed smoking area food smoking area patio connected roll garage door there cover ventilation that make feel like inside ventilation pulls smoke keeps from getting smoke smell throughout very cool those hate being relegated alley smoke under current smoking laws food here absolutely fantastic wings were both flavors honey pizza tasty made from very high quality ingredients thick hand tossed crust that crispy where counts light airy inside burgers also looked fresh artisan type buns friend said outstanding like dive bars worth look especially looking late night,x_bhc4U_e6lv7Dat2WV04w,x_bhc4U_e6lv7Dat2WV04w,4,42030.74309027778,3UOwOe9eFEUqFvpHYtPRUA,0,0.015596491228070167,0.5770350877192982,0.046875,0.046875
2862,2,6,ocXLOXAvGeHrBgLBeESBBQ,this place could really amazing staff friendly layout welcoming food decent happy hour does compare gameworks owners really need give their staff tools success bartenders having between bars share bottles they could locate plates seriously plates pizza doesnt come with cheese seriously cheese also manager wallet give change bill only change staff also seemed terrified owner every time came around they would just nervous when they werent doing anything wrong here cents cheese your pizza give your registers least bank some plates nice your staff asked they perks playing games staff said would amazing implement game credit their paycheck monthly play bonus,0Oskle2GkyYMseuJ3TDwRA,0Oskle2GkyYMseuJ3TDwRA,2,42600.723449074074,3U3SQ94Vf_UwmN5E1Dzh8w,2,0.1267857142857143,0.6571428571428573,0.0,0.0
3035,0,0,dT2dR81duHL0i_oGtwcfrw,visited prior symphony nice space with large seating area opted table with large comfy chairs since choice short menu with many pizzas some gluten free selections nice craft cocktail wine menu werent super hungry shared three plates meatball appetizer poutine mushroom spinach mozzarella pizza items were tasty well presented outstanding waiter attentive informative willing engage polite conversation great timing when stop when walk cocktail made with japanese whisky wife another craft cocktails both were excellent would rate drinks higher than food reason smoothness blending flavors been many area bars attempting craft cocktails found these good better than presentation flavor think this great spot outstanding above average going event symphony hall herberger each block away give light meal stop after cocktail,PxTKXsdYqoFHWAG2amz0XQ,PxTKXsdYqoFHWAG2amz0XQ,4,42827.63317129629,lYMkUtU89Oedewl8es1lEw,0,0.38799603174603176,0.5968253968253968,0.0,0.0
3165,7,14,h9loxpclfhB3KyhrAsLKcg,sure what makes their food sinaloa style maybe unique spices chicken menu appeared border style street food with wholesome contemporary twist everything ordered kiss pollos very flavorful ingredients were remarkably fresh this typical dollar taco shop they specialize chicken potatoes prepared unorthodox ways example there eclectic items menu such salad taco mini pizza made with tortillas nacho infused chicken tacos came salad taco their famous kiss chicken taco both which cost little more than salad taco consisted potato salad ball some leafy greens wrapped supple flour tortilla cold potato salad savory surprisingly heavy have slightly acquired taste initially very different positive creative preferred chicken taco little more because chicken thoroughly roasted over charcoal profound chargrilled flavor bitter smoky flavors overdone chicken thought that expertly prepared both tacos flour tortillas were used rather than corn tortillas kiss pollos flour tortillas tasted like they were homemade with greater thickness durability elastic texture compared fragile store bought tortillas commonly served dollar taco stands most attractive feature kiss pollo their salsa every single item there fresh neatly presented salsas vegetables looked like they were prepared just hour there were more condiments dress tacos compared most salsa bars seen california example found pickled onions mexican cheese cucumbers dont mind coming back some grilled chicken tacos when visit phoenix again,mss-LiOfL1vtoNo3WoEoJw,mss-LiOfL1vtoNo3WoEoJw,4,42444.19207175926,YHr-ijGyWQg3hsP-sEEl4A,10,0.004423354423354426,0.6323580123580123,0.0,0.0
3202,0,0,kTNH4_eCSXGKEaMgpyoD8w,best places ever growing popular diners bars feel welcomed when first walk they sell craft beers like total wine saves trip also drink place best thing happy hour from opening thats great that skip from work after work drink best thing brunch served both saturday sunday mind blown cant forget steak aged tender butter bachi pizza will tongue thanks davon keith thank putting rott grapes roosevelt,hhhHgSaSl6GLtuDoDrMUZQ,hhhHgSaSl6GLtuDoDrMUZQ,5,43377.19059027778,sY7qb6JJgy8jQzBLBEVl7w,0,0.555,0.5233333333333333,0.015625,0.03125
3213,0,0,9uQaMkrkgHtnOOVChG65yw,love this boba place stumbled upon this place after having pizza next door great vibe love atmosphere their concept definitely unique boba great selection their drinks sweet their thai this world best thai arizona cream their diamond bars good only they look appetizing they taste great gelato creamy their chocolate toppings nice touch service really sweet welcoming staff definitely recommend found boba spot,F8lC8jHCykqPy0h2AJ9lnQ,F8lC8jHCykqPy0h2AJ9lnQ,5,43296.09065972222,9mPb1DG7SduR-JOBRD3ptQ,1,0.4649999999999999,0.65,0.015625,0.015625
3403,3,14,bSXVIHfifZZvGvle9nxqFA,popped here quick happy hour meeting tuesday evening fantastic their liquor selection extremely impressive absolutely loved soda grapefruit cocktail their happy hour prices great they also serve variety pizzas hummus other munchies bartender very personable even brought bowl pretzels munch while sipping refreshing adult beverages best part they have wifi extremely rare bars have public wificoffee shops bars will absolutely back here another happy hour meeting soon also plan them visit night thank wonderful hospitality sidebar again soon,SkO0Kd4_bO4VWTzCa_k8_g,SkO0Kd4_bO4VWTzCa_k8_g,5,42530.71298611111,e6iCOIhtupBCiw-VwBvJ4A,14,0.5063725490196078,0.6583333333333333,0.0,0.015625
3416,0,1,9zbub6MWKjx7fLQr5XRYsQ,have frequented this establishment several times been different bars over last decade very clean great service menu needs little better food does stand sandwich with microwave bacon just doesnt pizza always been good entire menu needs revamped great place have drink though,w6frk94BwGwxenre_zeXUg,w6frk94BwGwxenre_zeXUg,3,41691.8915625,J6wgQxpoLbGczm2gQy7e4Q,1,0.3089166666666666,0.5301666666666667,0.0,0.0
3428,0,0,14pZolT7VYZ8f07yzgo_sA,totally love this place friend vacation dressed some bars came here dinner everything good service amazing lamb meatballs margarita pizza veal spinach ravioli very trendy place sure,wUKzaS1MHg94RGM6z8u9mw,wUKzaS1MHg94RGM6z8u9mw,5,42445.18210648148,z-MoMJK6bmzkvt_p-JuOew,0,0.616,0.7977777777777778,0.0,0.0
3527,0,0,i2ACwtyJx_NEVrDbrWmCpQ,longest time friend tiffany tell about this sushi called teharu that sits right next nypd pizza intersection priest street seemed like good place dinner always been open appetite places gave friends requests teharu fairly close wasnt really going this place location about three four miles away from where live give take miles when there exterior restaurant looked very plain with tinted windows boring gray letters that read teharu across already feeling doubt about this place before even walked through door when ventured like slap face well everything inside completely contradicts everything inside place about half full busy seemed lots faces were smiling there were cheerful conversations going through atmosphere front little stand that sign that said sign wait seated were there longer than minute before small waitress with huge grin came greeted seated seats right front conveyor belt which really exciting right when down waitress already been asking choice drinks anything else needed practically right front there chart with different colored plates labeled with different prices ranging from right already knew that this place wasnt expensive when usual sushi bars pricey charging almost dollars plate each plate sushi coming going certainly didnt know where begin doubts because with plates continuously rotating until someone picks them never knew long food sitting there seemed have problem with mustve been safe always been sushi endless combinations fish vegetables couldnt wait longer first plate picked called spicy tuna roll plate blue according chart front only dollars first bite tasted exactly like name tuna spicy more delicious than what expected downed other rolls right after other another thing that really loved about this place that everything convenient sauces napkins that needed already right your table there need asking waiter although workers came around asked were doing often there wouldnt much problem them thing they were always right there questions needed anything conversations later already went through plates sushi admit getting very full very fast another plate spicy tuna rolls along with plate tiger rolls salmon rolls california rolls dragon rolls even though names some selections were quite unusual taste brought justice theres wide variety selections even though some didnt seem appealing sure that other customers were glad have them when waitress asked were ready check were door very quickly loved employees food environment will definitely back soon hungry more,t53w4JlkxTau-G-TzhSWog,t53w4JlkxTau-G-TzhSWog,4,41247.043125,7DkWYpdXx0QcBzcKif0szQ,0,0.16632322009440653,0.5297040624159268,-0.015625,-0.015625
3625,0,0,wsN6TpiB0UREVkJfVVLBlA,believe capitol cafeterias vals best like food court combined with convenience store ample seating outdoor seating sells more than salad meals also pick lottery tickets fresh popped corn fruit coffee cream candy bars peanuts chips donuts cookies custard more food folks dont mind eating just average meals theres small serve yourself salad three stations food frying happens another they serve light daily specials like personal pizzas greek salad mexican fiesta bowl sandwiches third daily soups heavy entrees like fried chicken lasagne fish that served with side potatoes cole slaw veggies average cost full lunch will back about clean begins place shut down,ysfeDcLAYk_MVzfBmyiSTg,ysfeDcLAYk_MVzfBmyiSTg,3,41860.77292824074,X5T45QxyLjnuXohkvE3Rfw,0,0.09555555555555553,0.34944444444444445,0.0,0.0
3729,0,0,OIpdU8tDPNeBN61mbleM9g,prices here terrible some things inside like candy bars such more also pizza done drinks much cheaper only reason give this stars because that pizza bomb deals pizza good,HcfEk4K01Owy5pzdPWMVkA,HcfEk4K01Owy5pzdPWMVkA,4,41588.095972222225,soHAtMdzMUYOACkcQ5GSJQ,0,0.06666666666666667,0.6333333333333334,0.015625,0.015625
3769,1,0,2ursDADXOxRrCfwwTFU_aA,wanted love this place neighborhood doesnt have many bars walk this place home from light rail walked greeted many regulars which pretty cool soon down though noticed filthy this place just couldnt past wish there were more choices food have things choose from frozen pizza frozen wings went wings unfortunately watch bartender cook meal front unflattering chicken wing fall grease rack onto counter then back into fryer eeek that counter probably cleanest either beer cold good then some regulars little close started their drunk banter face things little rowdy than like them wednesday afternoon probably wont back starters definitely worth trying once,cTgTtdw_O-C7VO3oNzGRvg,cTgTtdw_O-C7VO3oNzGRvg,2,42667.91946759259,EQRVc3k3zSfPvAtBYQ27-g,0,0.010972222222222225,0.5819444444444445,0.0,0.0
4037,0,4,XucA4TxxSbjIlu-X7lHscQ,loooooved this hotel loved like wish business trip longer that couldve stayed here longer loved first convinced kimpton only hires friendliest most genuine people ever from minute arrived greeted with such warmth from valet well front desk staff were more than helpful with bags getting checked quickly price difference between valet self park dollars made sense valet they were friendly quick bring rental helped with many bags which much appreciated room studio suite huge soaking best surprise ever especially after long days meetings everything immaculate incredibly comfortable room perfect size despite being room near elevator never heard outside noise either hotel itself located such prime downtown spot near restaurants bars decor also chic especially area near restaurant where wine hour held hello fireplace dreams wine hour featured light bites well flatbread pizzas which nice much buzz while enjoying glass they check room keys before serving drinks make sure bring yours with dont have your room miss second best hour first situation confusing actually located hotel across street actual where take classes have access shitload space equipment feel like youre locked dungeon while trying workout loved workouts there access taking classes even while away from home simply signing bringing room huge huge amenity that truly grateful overall experience perfect huge thanks amazing front desk valet inner circle rewards treats that were left need totallyyy increased after macarons that were left those took care during wine hour cannot wait come return,WU4wM-uD1INThG6F3sGzCQ,WU4wM-uD1INThG6F3sGzCQ,5,43152.76298611111,l0qrUfq4dboSV-A7lvxBFQ,2,0.30607638888888883,0.5193617724867725,0.015625,0.015625
4126,0,0,NQRzwzF1w2t6jY9jdCRa5Q,been here times have always reservations intended regarding value this place finally soldsometimes good wine just takes time appreciate another considering they half wine groupon nonetheless have that food pizza sandwiches apps salads more here terrific service been awesome every time twist irony phone halfway through this review died guess what happened nextyep young bartender aaron just happened offer apple iphone charging services final test wrap even extracting battery death recovery this place gets stars good family dates just rolling soloand feel like grabbing barstool aaron draft beer tastes great,0PMKMyfX1j7Nc4esk1RaMg,0PMKMyfX1j7Nc4esk1RaMg,5,41591.122453703705,nP5gziERUPluVT4hATyvEQ,1,0.3633333333333333,0.7016666666666668,0.0,0.015625
4354,0,0,uSTf_41zkz8jyNoePkYaPQ,italian spot looks very unassuming from street sits strip mall prices great look authentic italian groceries wait your food favorites lemon bars dessert first theyre large best ever vegetable lasagna banging artichokes assorted veggies salad with chicken goat cheese bomb pizzas great interestingly havent tried their sandwiches cant imagine theyre anything less than great also like their lattes iced salted caramel what cool authentic italian grocery takeout spot like that they have indoor outdoor seating,r5PLDU-4mSbde5XekTXSCA,r5PLDU-4mSbde5XekTXSCA,5,42531.287407407406,YvqFcX5s0cHhqAFrXvNOHw,0,0.3217261904761905,0.4549107142857143,-0.015625,-0.03125
4439,0,1,31jhbEnuO7-sVCrgObdjYw,have really mixed reviews with this restaurant very casual great outdoor patio front facing semi private street liked atmosphere more sports related theres multiple seating large patio well inside bottled beer specials unbeatable downtown beer wine mixed drinks bottles averaged happy hour while other bars average bottles happy hour outside patio continued inside restaurant pricing bottles definitely they have happy hour food menu with pricing nice selection really enjoyed atmosphere experience completely soured when ordered mexican pizza happy hour menu mexican pizzas supposed pizzas hence name pizza this very cheap flat cheese crisp with limited cheese jalapenosit cheese crisp best worse mexican pizza ever seen immediately complained server actually told horrific pizza worse example mexican pizza ever seen told wouldnt even feed dogs completely agreed also said looked horrible wasnt worth eating there offer comp bill bring manager over told tell cook awful just kept agreeing didnt compensated apology just nothing left entire thing sitting table youre looking cheap bottled beer pretty cool atmosphere easy parking this your place couldnt rate star because other perks comping agreeing horrible food unacceptable,vyDW7_CHhDUJshMqaSjj0g,vyDW7_CHhDUJshMqaSjj0g,2,42104.636400462965,iK91qvh5nA3SzE4pxZtrRQ,0,0.07752480158730157,0.5077728174603173,0.015625,0.015625
4835,0,0,QrJu945s__F6vI0L1Z0E1g,okay when come salad bars sweet tomatoes tops competition such soup salad your mill salad usually here with buddy lunch about once week whats really nice sign their news letter they send coupons usually twice month someone always eating group free what really nice they have different specials every month this place always able things vegetables seem fresher here maybe they more organic veggies because they seem have more taste then other salad bars they definitely have more selection then most places your green freak about veggies stuff they have good soups baked potatoes pizza other such dishes choose from staff really good here this place very clean everyone does great making sure getting everything need only reason this place does stars fact that feel pricey salad,NZAxQxXH0YkSzPOKd_Nv-w,NZAxQxXH0YkSzPOKd_Nv-w,4,40288.84584490741,DMHPVjHKaUStUBMPH2TjNA,0,0.2870666666666667,0.5989555555555556,0.0,0.0
4854,0,0,Yq3p4WJWqTNmxicm21FQkw,transplant from york tell this pizza does fill void pizza blandish after bars seems done friends definitely bearable unfair advantage compare back home have worse pizza here that sure would count this will ever rely spinados sober pizza cravings,Nf1ZtgHwg0Mu5lOaJYgDGQ,Nf1ZtgHwg0Mu5lOaJYgDGQ,3,40581.98615740741,lqXNsRCTz2xl6f4cKOWr6Q,0,-0.05000000000000001,0.5314814814814816,-0.015625,-0.015625
5072,0,0,TUw9DuKZfphE6o6FCaWDSQ,while cant speak pizza have different pastas sandwiches both perfect delicious larger portions pastas large light eater that meal like light although that have been partially fact that eating pasta philly cheesesteak sandwich excellent probably best store restaurant itself very quaint italian style grocery with small amount seating staff while kept busy friendly quick lemon bars leave here without lemon,r5PLDU-4mSbde5XekTXSCA,r5PLDU-4mSbde5XekTXSCA,5,42283.00126157407,luP439f4n6OI4aivJXvOgA,0,0.35453869047619047,0.5330357142857143,0.0,-0.03125
5415,1,4,yWtAmr38dxd04U9ZGF-wgA,this place great vibe friendly bartender very similar whining bethany would back again sure pizza very good however bartender quick remove bill without having always great have wine bars neighborhood,hhhHgSaSl6GLtuDoDrMUZQ,hhhHgSaSl6GLtuDoDrMUZQ,5,43342.95633101852,skTNZm-PocYP9hu-KajqNQ,1,0.4647916666666667,0.5861111111111111,0.015625,0.03125
5506,2,4,71K3wUKiQaoVUT6iGGZRog,fired chipotle meets pizza concept works love load pizza with toppings always hate expensive gets typical pizza places here load pizza with what ever creative combo want same price that actually really cheap made order personal pizza things like that they have choices meats including stuff like capicola kinds sausage meatball that most places dont carry they also have good arrangement veggies toppings that seem fresh this spot also close mill makes good food option before seeing movie hitting bars without having deal with typical mill pricing,iNbAht5CVY4KH_cympbHMA,iNbAht5CVY4KH_cympbHMA,4,42482.787407407406,wAqiSluTMo_2T-dTN4Bozg,4,0.15128205128205127,0.5788461538461539,0.0,0.0
6099,0,0,nyTL8C9Vvlk6BtUuXW3xNQ,have seven kids spend hundred dollars month barros pizza always take have always seen salad never time love salad bars especially pizza joint well finally able that delicious looking salad needless didnt salad because they wanted change large bowl that could only fill oncewow because them being cheap will never barros ever again wanted that salad long what disappointment,q4U-WZ4A1I_vmDIp9Uq-9w,q4U-WZ4A1I_vmDIp9Uq-9w,1,43249.141805555555,4a9vnq1s_7RaKuI3SZ15TQ,0,0.14642857142857144,0.7153571428571429,0.015625,0.015625
6248,0,0,g235zMfvHFq7sGzfQki4Kw,little pricey best tasting pizza happy hour specials good makes great place snack after leaving bars,v2tjswIV3e0c8o7_7MwYmg,v2tjswIV3e0c8o7_7MwYmg,3,41279.19574074074,hUgdQsMQPoNc3fa9VoMqWQ,1,0.6224999999999999,0.6300000000000001,0.0,0.0
6464,0,0,DAr2e1JLseMghHfSmg83bQ,pizza chain interesting concept simple menu with standard pizzas that slightly over priced mill location cool because close asus campus vibe mellow happy hour deals appealing there many other choices mill that locally owned bars only time this place crowd game nights football another athletic event happening which case every other packed mouthing this restaurant just pointing observations still great place your favorite type pizza down restaurant they also have cool artwork murals inside counting many skateboards incorporated into pieces other decor,HjXI6lKGPVNQ8dYJPtaOCg,HjXI6lKGPVNQ8dYJPtaOCg,3,43327.72751157408,Ps5rtD0Pb_CbEY7d3lTKRQ,0,0.19488304093567255,0.49408939014202174,0.0,0.0
6589,0,0,q3mKOmFc7JjZ7b8OR9m0mA,delicious pizza gluten free margarita pizza with pesto added wonderful which always case with pizza environment good have pizza here then drinks outdoor bars around corner,HjXI6lKGPVNQ8dYJPtaOCg,HjXI6lKGPVNQ8dYJPtaOCg,4,43142.96811342592,JgWl6lf0vW78Dj8pFUokJQ,0,0.7749999999999999,0.85,0.0,0.0
6595,0,1,_zgXybwZOsaP75irBOZl1Q,tried this place first time night large group they reserved tables extended their happy until ends group very much appreciated this generosity pineapple beer seemed lightest beer menu they think others happy hour menu crisp refreshing beer husband shared wood fired pepperoni pizzas think serving size great share others might call this super sized personal pizza maybe about good pizza sauce nice spice ours slightly over cooked friends margarita pizza looked perfect thats risk with wood fired pizzas wine selection wasnt that great overpriced compared what paid bars they really restaurant prices wine bottle bevmo here friend ordered bottle wine warm really need have your wine cooler room temperatures here just wine serving pass wine here stick with beer brewery beer really interior industrial looking liked they have medium sized patio front garage door entrance they open bring spaces together really good service will back this place perhaps beer flight next time,pBFewLcdLnf1XwPTE4jtyQ,pBFewLcdLnf1XwPTE4jtyQ,4,41404.68777777778,ePfhvRM-deQgMduESHRWDg,1,0.39920634920634906,0.5254960317460317,0.0,0.0
6631,0,0,GFNoEwWGs_tQoq_Q-73Ifg,like sister store upper crust pizza wings very good very neighborhoody feel mroe downscale than what youd expect mile from scottsdale road north scottsdale over ambiance wings were very good among best seen phoenix feels like pizza wing bars back buffalo,iUHz8jIWjkbx6pXsTUNIaw,iUHz8jIWjkbx6pXsTUNIaw,3,40694.76924768519,KekQwlBlJlgzaHLfhXt8Bg,0,0.5033333333333333,0.36000000000000004,0.015625,0.015625
6663,0,2,DALpX_cfDSD3qs_v0taDfA,nice patio location rather limited selection wines glass wine also seems whenever wine doesnt keep their wines wine cooler just about reds that weve tried here would have greatly benefited from such practice positive note rhythm wine wine bars offer gruner veltliner bottle youve never tried this varietal great summer white however they keep chilled hand will wait once order they will need chill bottle weve their pizzas which have good flavor oily heaped with cheese liking hummus also good when sitting service generally fairly prompt times that weve patio been mercy owners daughters wait service been slow least fact time owner himself actually seated then stood around waited least minutes daughters make over table that could order wine which then needed chilled there none already cooler while certainly find better wine bars general rhythm wine decent place stop youre neighborhood,C1zlvNlxlGZB8g0162QslQ,C1zlvNlxlGZB8g0162QslQ,3,40730.181979166664,_GlVJpZzWnncLH-DJ4dgmg,1,0.24926647426647433,0.5181337181337181,0.015625,0.015625
6835,0,0,7SN8NHzTW_mSdYRXeKK7ig,friend come here live music friday nights always order pizza share some drinks little packed fortunately there bars servers weve always managed find place takes time patience,EV1jAj7NFNmNIqOnwZ4Acw,EV1jAj7NFNmNIqOnwZ4Acw,4,43230.73122685185,8rgWYYjUwp15oazrHSJBpw,0,0.11628787878787879,0.5666666666666667,0.015625,0.015625
7026,0,2,_lTiu2XQ4jKfwcZHRYncrw,this authentic italian pizza italy pronto location great parking metered park change roughly minutes meter seated inside there bars inside outside nice outdoor space perfect lovely weather service quick pleasant even with personal through menu margherita pizza came under minutes bigger than plate served told since dough thin that scary decided half save room dessert before dessert came chef brought mini dessert fried dough powered sugar simple waited cake sooo glad nutella torta amazing didnt nutella flavor hazelnuts chocolate were divine will come back sure,pjpUOlJLlkIxBZ5BquA2PA,pjpUOlJLlkIxBZ5BquA2PA,5,41562.8596875,2U5VJvQ17FtB0wAmpaMowA,0,0.24500000000000002,0.606468253968254,0.015625,0.015625
8457,2,5,OdrSB8pvnrE9VTUwFW5L-g,mama what doing here leery least coming this part town with boss lunch small strip mall where store even found need metal bars winnow this your typical location fine dining external appearances inside with small dining room with nice tables chairs table cloths note seating limited four person tables person tables menu full italian food like pastas just pizza name this place pizza went with small vegetarian everything including artichoke eggplant olives more small good size this with salad would good only half meals include amazing bruchetta flat bread straight from wood oven bruchetta full flavor fresh bosses spagetti meatballs were artfully presented could kitchen cooked sauted order enjoyed meal well looking some great food very unexpected location give this place,VRC7J-ahI4em9ddhihxq5w,VRC7J-ahI4em9ddhihxq5w,5,40478.83572916667,gScmsSCqBeFPp6q9yG5nmw,2,0.1766761904761905,0.5033809523809524,0.0,0.0
8651,2,2,3De0rRoUclNN33y4nJE40A,great local sports hangout sports give arena stars restaurant would stars went there group watch playoffs some reason thought this newer place turns rather local neighborhood hangout features section pretty dark very loud thursday night opted dining room server very friendly accommodating table switched blues wild game which were there place watch game dining room just decent view sound atmosphere that room more dinner than watching sports game since sports didnt feel awkward cheering team loud half place much better suited games that night wanted little peace able focus game ended ordering beers potato skins hamburger wings secret sauce large pepperoni pizzas friend burger said good able everything else gotta potato skins best have ever they were nice crispy around covered lots bacon most places barely bacon bits serve skins rather mushy arena their skins were amazing would definitely order them again wings were decent typical sportsbar chicken wings about pieces made order they were nice crispy secret sauce actually really good spicy sweet just perfectly balanced pizza good main gripe cornmeal bottom hate when pizzerias cornmeal that pizza blasphemy most places just pizza comes oven easier that just lazy pizza skills never thought that cornmeal adds good taste pizza makes messy without cornmeal pizza good thin crust foldable style pizza average just hair above mediocre because cornmeal uggh sports where would watch games like playoffs horses play trivia with arena good local hangout nothing special effectively fulfills expectations which should never high with sports bars with lots games like billiards darts arena place where with friends even just alone youre bored home pretty divey local neighborhood vibe that keeps friendly food best above average potato skins highly recommended wings pizza recommended with reservations service excellent prices were quite reasonable location type venue need place watch game devour some food arena probably very good fancy gourmet local friendly,iUHz8jIWjkbx6pXsTUNIaw,iUHz8jIWjkbx6pXsTUNIaw,4,42116.0090625,HCKZEpXv8CNdYLepoSMlDQ,2,0.17011564625850337,0.5656190476190477,0.0,0.015625
9025,0,2,V71xvNxCxWscWqL45g198A,this place will good your server chain growing they margins service intangible first visit great bartender wrote name card introduced herself though cant remember name service spot kind friendly chatted took cues that phone sport center more important none less better then most bartenders this town better happy hour pepperoni pizza pint devils glass water came unsolicited with welcome smile alls good valleys newest months will wait table barstool without thinking cause know telling this good luck,xvcGZGoLwWpmDMMY1VN-OA,xvcGZGoLwWpmDMMY1VN-OA,5,42087.10613425926,XnKUcmayZd-N43fR2n-0Ew,0,0.47990196078431374,0.5558823529411764,0.0,0.0
9163,5,11,S3u_KKvgrDhZ7praSWcrEg,give chance never been castles coasters however opportunity through work private party from grabbed nephew were castles coasters wasnt sure what expect when arrived went with open mind thought would give castles coasters chance glad newphew spent full castles coasters great time mini golf courses very nice these courses funwell maintained nicely laid fact rides castles coasters well maintained park crowded even after special engagement hours ended were able rides many times didnt wait very long line castle coasters bigger than appears from outside there several rides back park make sure venture that direction think most popular activity line rope bridge attractions front line moves slow worth wait castles coasters snack bars however could leave nearby restaurant return prefer snack amusement park food prices were pretty reasonable personal pizza drink made decent lunch each good rides reasonable prices helpful accommodating staff doesnt much better,U-9uOCu4tG4idBAnMPmZTw,U-9uOCu4tG4idBAnMPmZTw,4,41980.17261574074,MMf0LhEk5tGa1LvN7zcDnA,7,0.28754515599343183,0.5512370005473454,0.0,0.0
9307,0,2,xq9VzzKENcHvDFAK0xfcBA,hidden restaurant came dinner expecting much because restaurant located within lobby days hungry just wanted someplace when call this place hidden referring being able find this place unless looking this traditional italian restaurant best pizza have ever eaten been voted best phoenix seven times richness texture crust make this pizza pleased with dinner came back fettuccine alfredo with shrimp dinner attempt truly gauge authenticity italian food alfredo sauce rich thick full flavor possibility adding vegetables vegetarian made choices plentiful choose from shrimp vegetable chicken toppings flat screens allowed enjoy baseball game while enjoying beer area allows friendly quiet conversation just getaway from trendy crowded bars friendliness prompt service provided world class style service felt pampered catered hurried decide what have dinner live phoenix happen phoenix raimondos,Zv77o3aDuNDY0t3fCU2ebQ,Zv77o3aDuNDY0t3fCU2ebQ,5,40471.18498842593,,2,0.18600131752305665,0.45326086956521744,0.03125,0.03125
9354,0,0,KU5F_mVNuRcxrY-pg4Wg3Q,love arena favorite place they have woodchuck cider dont drink beer food always good pizza fabulous wings lori always there with smile take your order best server they have however their upkeep general place leaves desired bathroom doors havent locked months toilet wobbles when down feel like will fall over sink faucet moves when turn many barstools broken splintered could cause harm grab wrong just feel like owners should little more attention into fixing things their customers,iUHz8jIWjkbx6pXsTUNIaw,iUHz8jIWjkbx6pXsTUNIaw,3,42159.65070601852,O2un7TOqQxQ4dPsNMwMuAQ,0,0.22668650793650794,0.5134920634920636,0.0,0.015625
9361,0,0,iSWACw7J2fbmPDaZoJ0xoA,used love this place after experiences wont come back food still okay service slow even when there were other tables entire restaurant worst they have fruit problem first time were dinner birthday spent entire evening shooing away dozens these things just went back because really enjoy this place point fruit problem even worse they were landing food waiter just said because doors outside open thats where fruit flies come from even showed cheese nothing biology instructor those little buggers come from moist often dirty fermenting areas houses kitchens often love open bottles alcohol bars even they came from outside shouldnt sharing entire meal with them frustrated because they have good pizza beer would like back have recommend another location,v2tjswIV3e0c8o7_7MwYmg,v2tjswIV3e0c8o7_7MwYmg,2,43213.19978009259,VU7mXaDmkjjjYnv4LpwTEA,0,-0.0234375,0.42013888888888884,0.0,0.0
9406,0,1,mifbT2lA8P97Eohc-MyaWA,blog photos review grande orange grocery thoughts myriad other items from grande orange group this specific menu items within pizzeria will updated more things being equal love this place baked chicken wings with point reyes blue cheese from pizzeria menu that begins service weekdays weekends hard imagine better watch football public space than grande orange bars beers greasy bites offers tasteful menu traditional american gameday fare highlighted these seared seasoned baked order wings featuring organic chicken plenty heat just char what really sets these wings apart plump juicy they remain even without frying also dressing sort ranch with subtle sourness lots chives chunks bleu cheese throughout pizzeria pizza half classic margherita half roasted corn with laura chenel goat cheese corn roasted tomatoes basil interesting least what strikes most about lgos pizza crust sort sourdough starter that team making when place opens allowing rise counter lunch dinner approaches topped with superior ingredients that well known slathered with quality olive plus butter crust gets great crunch without getting much char although oven isnt enough generate same blister bianco pomo particularly bakers opening closing frequently pizzas take finished ones structure remains supple with great chew much more willing half half than vast majority high pizzerias these days found margherita good ingredients though they went light tomatoes tastes while roasted corn excellent smoky sweetness corn proving perfect foil punchy chevre,7cK9uEV09iPmsTqOqmY3kQ,7cK9uEV09iPmsTqOqmY3kQ,5,41207.53282407407,U4INQZOPSUaj8hMjLlZ3KA,1,0.1726016260162602,0.45951219512195124,-0.015625,-0.015625
9487,0,0,yhV4qoTEkW3CnmEzXEBvZw,wish gone here long time this italian restaurant sports combo that fires cylinders service menu selection food quality quantityall notch burger sliders were along with sweet potato fries many sports bars offer sweet potato fries cant wait return pizza calzone,AdB7a8eo7uK_Fq-aX6_l8g,AdB7a8eo7uK_Fq-aX6_l8g,5,40141.613020833334,61IUfPxzBVmdbfzqTj-Duw,0,0.22999999999999998,0.44000000000000006,0.015625,0.015625
9572,0,1,3nz1HeMH9LPd7ca1yHiFaA,opinion this establishment changed greatly last months visited about times last year every time things seem getting worse hard tell where real problem mainly because there many first think problem this place food food specials cheap quality every time difficult know what quality food will like used love their burgers late they have been really overcooked bland wings tend either overcooked oversauced thier pizzas just plain flavor second think staff pretty cordial especially when come time progresses they have tendency make feel rushed especially they busy sometimes like just have couple drinks watch game second stop drinking when should watch actually approached someone that think manager basically made feel though would need either keep drinking give table third agree with others when they that this place kind loud especially night during time usually pretty calm mainly because most days empty before happy hour brighter side drink here pretty cheap always expect heavy poor especially from certain bartenders monica always people pour nice stiff drink sometimes with only splash mixer dont waste your money ordering doubles that then some most your drinks tempe bars dime dozen just dont myself making this regular hang spot unless makes some serious improvements,U8rHQ_Sg8A2m291Y7WEfIg,U8rHQ_Sg8A2m291Y7WEfIg,1,41344.107986111114,3PWKmFIdpHPy0eiqTQ4kMg,0,0.07668219461697721,0.5593585762064024,0.0,0.0
