	funny	useful	review_id	text	business_id	ID_bus	stars	date	user_id	cool	total_sentiment	italian_sentiscore	italian_total_business_score
988	0	0	UxWE6RoCh7NMb5oyH8KN7Q	best italian deli ever outstanding pastas like lasagne great raviolis sandwhichs that amazing great pizza also great desserts like great cannolis lemon bars	r5PLDU-4mSbde5XekTXSCA	r5PLDU-4mSbde5XekTXSCA	5	42622.208645833336	GS_dUwiLit1qo37qpLatmA	0	Sentiment(polarity=0.6625, subjectivity=0.634375)	0.011111111111111112	0.14444444444444443
6996	0	1	2A-SEBrJ7cx0e-lrEIk0Wg	best italian pizza calzones that weve wife loves spinach calzonei love meaty pizza great atmosphere family	RztX0zV7ObHZD08SDUhI0Q	RztX0zV7ObHZD08SDUhI0Q	5	43208.08435185185	zQvvbqM8B1OQfX6MVSR4Mw	1	Sentiment(polarity=0.575, subjectivity=0.4125)	0.0	0.011111111111111112
8940	0	0	g_5Nf6qHlN4B08OHyQNH3g	this location digestifi think great transformation authentic italian dishes from scratch featuring mushroom truffle risotto that polenta dishes they also have their very house pizza oven pizzas also delicious have been times love wine list cuisine service great atmosphere sexy	be9JlSE_-Hbl1ufM6UsTcQ	be9JlSE_-Hbl1ufM6UsTcQ	4	40065.90457175926	0sowE0RblpMePcftm4s32w	0	Sentiment(polarity=0.5375, subjectivity=0.64375)	0.011111111111111112	0.011111111111111112
729	0	0	V3kJlyjl3oE3XJoeNoAn_A	theres something that screams comfort food about this placeitalian comfort food almost like home cooked meal your italian relatives prices very reasonable food exceeds that price point their meatball delicious tastes very authentic pizza delicious well server also very sweet attentive overall great food great price	7eQoxWr9RzyCB9IFvqHUPA	7eQoxWr9RzyCB9IFvqHUPA	4	41893.70596064815	lJaMhVl641JJhTZhR3s_EQ	0	Sentiment(polarity=0.5365, subjectivity=0.7)	0.0	0.05555555555555555
2039	0	0	wviJ2epAgxzcEf2KtnjkDQ	favorite pizza place town opinion superior grimaldis biancos then again pizzeria preference most subjective there great vibe great pizza great italian wine selection great appetizers crostini prosciutto great service there only wood fired oven when place packed illogical assume pizza will come fast	jG1jcAeDw0pZTHCNC5kw_w	jG1jcAeDw0pZTHCNC5kw_w	5	39614.28806712963	zJA8ZSsJhtQ3VE96jjhHnA	1	Sentiment(polarity=0.5363636363636363, subjectivity=0.7045454545454546)	0.03333333333333333	0.08888888888888889
387	0	0	xqqRIHzTEU4oDnyX3IundQ	were hunt best pizza town father lives here with wife foodies pizza here delish actually think pasta where best lasagna life here good inspired make homemade lasagna home from scratch even cheese found pizza tasty definitely satisfying dough wasnt flavorful others sauce didnt give that warm sweet feeling definitely good advice here entrees pastas appetizers plus they have legit italian cherry soda their chocolate cake creme brulee outstanding	cs1qJvnWUg_f8g020z_3PQ	cs1qJvnWUg_f8g020z_3PQ	5	42776.780543981484	aqIPyOl2afUF5NSy5JANfQ	0	Sentiment(polarity=0.535, subjectivity=0.5025000000000001)	0.0	0.022222222222222223
4256	0	0	PA4tSfLIav5KjIFoSf_WXg	awesome everything amazing pizza sandwiches salads never anything that wasnt amazing owners work their restaurant they best staff friendly efficient works pizza french italian sandwiches favorites they even make giant oatmeal cookies that best anyone doesnt give this place stars needs give another chance this place rocks	pCWg4B0R5gauQR4SJ9VDmw	pCWg4B0R5gauQR4SJ9VDmw	5	43170.787453703706	kNFdBFH9L3wtpmuptKEtDw	0	Sentiment(polarity=0.5083333333333333, subjectivity=0.5444444444444444)	0.011111111111111112	0.05555555555555555
1236	0	0	07xBCfpSms-xhuQ9_bsQuQ	very best italian pizza phoenix take everyone that comes town here biaggia	5ykOWYZ44sUvu9qxD8rPeg	5ykOWYZ44sUvu9qxD8rPeg	5	41769.67655092593	i6CpsZNNOYk-gVArxhBvVA	0	Sentiment(polarity=0.5, subjectivity=0.195)	0.0	0.03333333333333333
6968	1	1	iKZTqsnRM0NFvd-mWC5gLw	spinatos well done well done okay since yelping this based experience foodamazing signature mamasomething somethingpizza ordered with some italian sausage since doesnt come with meat well pizza came amazingbut sausage imagine sausage would have been happy dough garlic dough which makes delicious really loved strong garlic essence coming pizza flavors mingled together perfectly create sensational bite corner pieces they best sauce sweet which turned into different beast pizza either loved would have loved more with italian sausage waitress admitted forgot that order made with discount awesome offered didnt even take back anything because this point were hungry wait again service little awkward times great none less their desserts really good well canolli connoisseur this delicious would easily blow paycheck here they wings toobut pizza good enough half paycheck	RztX0zV7ObHZD08SDUhI0Q	RztX0zV7ObHZD08SDUhI0Q	4	40915.06896990741	N-Sy8I9byR2Q2gTI99nKxQ	1	Sentiment(polarity=0.43935185185185194, subjectivity=0.606172839506173)	0.011111111111111112	0.011111111111111112
2786	0	0	PeFlMw5BzEPYtSafEytWDA	pizza above average cheese calzone delicious veggie sandwich great italian bread alone worth trip their wines some best weve especially price staff very friendly accommodating stop great friday night dinner wont regret	r5PLDU-4mSbde5XekTXSCA	r5PLDU-4mSbde5XekTXSCA	4	41794.73883101852	OpngzbhHiQKRn9sV4_9erA	0	Sentiment(polarity=0.42374999999999996, subjectivity=0.505)	0.022222222222222223	0.14444444444444443
6244	0	3	YU0kxXuSVgaCbcOiTT2hTA	mecca artisanal craft pizza here valley pomo shines brightly with niche their downtown pomo gives high quality pizza made with love each bite ingredient they provide comfortable intimate family vibe their flagship location dont miss owner capping your evening with serving famous sale limoncello their wine list offers some best italian wine available glass valley along with selection very reasonably priced delicious italian docg bottles grab table inside enjoy evening their romantically patio itll nice evening pomo	pjpUOlJLlkIxBZ5BquA2PA	pjpUOlJLlkIxBZ5BquA2PA	5	42821.978321759256	ODZxY8BgOKkwJropDUqzBw	2	Sentiment(polarity=0.41466666666666663, subjectivity=0.5546666666666666)	0.022222222222222223	0.044444444444444446
4764	0	0		very good italian style pizza visited this evening free olives bread starter they have nice outside seating area quiet side street service very good staff friendly helpful	5ykOWYZ44sUvu9qxD8rPeg	5ykOWYZ44sUvu9qxD8rPeg	5	42280.139548611114	O-h8mYA9yQVoBkN4tTkiZQ	0	Sentiment(polarity=0.39937500000000004, subjectivity=0.5304166666666668)	0.0	0.03333333333333333
2437	0	0	dpd6-WHip4KJB-hBd8ORvQ	want give them stars because went when half pasta dishes monday tuesdays limited time bill super cheap feel like robbed them anyway came expecting pizza because before really good half pasta dishes figured them service excellent everyone really nice full price dollars pasta dishes would probably still worth they were really good come with salad bread half price this place steal doesnt stars because give stars usually need think either things while eating this best deal ever prices were always would this sure this best food ever this place really really good service really great isnt ever going something dream about night that being said would pick over chain italian place	EgwGTDZ705TwudPJwAY0yQ	EgwGTDZ705TwudPJwAY0yQ	4	40380.423993055556	NcjnMPjEuhzAbbbvxfaa5Q	0	Sentiment(polarity=0.3979949874686717, subjectivity=0.4709690893901421)	0.0	0.03333333333333333
5777	0	0	8vw4puNGHFNzsc9pnwICDA	went here recently birthday absolutely loved boyfriend shared pepino pizza strozzapreti pasta both were amazing usually meat found italian sausage pasta mild flavorful pairing perfectly with rest dish also were treated with complementary limoncello after dessert which this place over incredibly delicious refreshing meal will definitely back	pjpUOlJLlkIxBZ5BquA2PA	pjpUOlJLlkIxBZ5BquA2PA	5	43085.25177083333	gNuBLPrhxm8osmkIXPLaBw	0	Sentiment(polarity=0.3883333333333333, subjectivity=0.5700000000000001)	0.0	0.044444444444444446
4613	0	0	MXrCrHJxe6fEqlq9fycVow	dive italiano spot itself thing could little sprucing definitely little cleaning variety plate appetizer good meats couple cheeses artichoke hearts marinated mushrooms olives some bread good variety would great with wine also sausage mushroom pizza tasted flour other than that wasnt fennel sausage wasnt impressive there water coming probably mushrooms would seek wouldnt avoid	jG1jcAeDw0pZTHCNC5kw_w	jG1jcAeDw0pZTHCNC5kw_w	3	41652.14576388889	niKu4se6xtf-ctlm0udr1w	0	Sentiment(polarity=0.38571428571428573, subjectivity=0.6178571428571429)	0.0	0.08888888888888889
37	0	0	YwL_e4KPyQCYEtv5Q19rfQ	lovely quaint place away from usual scottsdale shea crowd great pizza amazing service attention detail proprietor warm friendly knows italian food	5ykOWYZ44sUvu9qxD8rPeg	5ykOWYZ44sUvu9qxD8rPeg	5	42067.89585648148	PhHW177DiDJ_GL2I5xcd-A	0	Sentiment(polarity=0.375, subjectivity=0.5357142857142857)	0.022222222222222223	0.03333333333333333
6378	0	1	V2bPx2HND6wyfooW9mJfSA	hype around grand orange this place definitely impressive from restaurant itself service course outstanding food sister split chop salad delicious ingredients worked well together especially loved dried tomatoes they were seasoned perfectly could tomatoes itself italian vinaigrette light tasty pizza ordered half avocado pizza half fallen angel avocado pizza good strong lemon zest taste would have been better with prosciutto plus sister preferred other half homemade sausage delicious along with roasted peppers pizza dough itself phenomenal especially when gets crispy ends there definitely multiple reasons popular high rated lives hype will definitely back	7cK9uEV09iPmsTqOqmY3kQ	7cK9uEV09iPmsTqOqmY3kQ	5	43261.21414351852	XTXVPAkymeR9dkBiuQjKig	1	Sentiment(polarity=0.3632638888888889, subjectivity=0.5863888888888888)	0.0	0.0
7858	0	3	Xn9UOrByxeqVx1RH2qn5FA	love this place went about month cant stop thinking about atmosphere wonderful even weeknight space bigger than looks from street with beautiful brick oven gives romantic ambiance ordered pizzas from their traditional pizza menu both loved them delicious grapefruit italian soda cool vintage bottle kicker they brought free dessert because casually mentioned server that first time here owner brought dessert himself that impressive brought free shots some limoncello vodka drink makes feel special that much attention will back again again	pjpUOlJLlkIxBZ5BquA2PA	pjpUOlJLlkIxBZ5BquA2PA	5	41505.915659722225	kPaqBMv4mU-N80Fzd8vU3A	2	Sentiment(polarity=0.3615079365079365, subjectivity=0.6317460317460317)	0.022222222222222223	0.044444444444444446
4889	2	9	SVFlbzaGWmQisBebMXy4hw	this place cute that delicious hubby told about this place almost year raving about pizza then have seen check from anna kept trying make time come check myself wish come sooner although hips thighs might appreciate that ordered biaggia pizza learned most popular chose mainly because figs prosciutto favorite ingredients then noticed next table having salad didnt menu well specials they have daily specials boards above area decided share spinach kale caesar fresh tasty then other table dessert that menu either owner told apple pizza part special menu also love check what everyone else eating dessert warm amazing scoop vanilla cream completed this perfect meal were offered taste their homemade amaretto what treat delicious this place made very reminiscent daddy used cook italian dishes sundays daddy used make lemoncello definitely will come back wont wait almost year make	5ykOWYZ44sUvu9qxD8rPeg	5ykOWYZ44sUvu9qxD8rPeg	5	41439.56707175926	6rGVoAI0Bl8ZEbMNJWOK3w	6	Sentiment(polarity=0.3570861678004535, subjectivity=0.5490362811791383)	0.0	0.03333333333333333
4172	0	3	qI6lhF14RMJ_zFib_-ab3w	this year decided have italian dinner christmas with family instead usual prime italian food always good choice went defalcos italian sausage sweet italian sausages tried something never from there sausage with garlic cheese this stuff delicious will getting often grilled which wierd cause usually cook with olive peppers onions this stuff good need that have been going here years everything delicious sandwiches great pizza good they sell wine love this place lunch prepaird they busy	r5PLDU-4mSbde5XekTXSCA	r5PLDU-4mSbde5XekTXSCA	4	40173.648252314815	aRub-nsvr8bxFfpxsybcrQ	2	Sentiment(polarity=0.35666666666666663, subjectivity=0.4399999999999999)	0.011111111111111112	0.14444444444444443
5311	1	2	-6_NyMwcwKV9lZz_BbMaqw	theres better deli sure dont know what would imported meats amazing italian dishes like lasagna pizza also excellent cant wrong hereunless lunchtime youre rush that case dont come here	r5PLDU-4mSbde5XekTXSCA	r5PLDU-4mSbde5XekTXSCA	5	42223.08763888889	RzWfvP3tCOV3INHutOCq7Q	1	Sentiment(polarity=0.35000000000000003, subjectivity=0.6981481481481482)	0.022222222222222223	0.14444444444444443
167	0	0	dIIy2f2p2KIjN-YI0GATVA	everything from server angelica owner patricia well food gluten free homemade italian sausage pizza perfect back	7eQoxWr9RzyCB9IFvqHUPA	7eQoxWr9RzyCB9IFvqHUPA	5	42223.930972222224	eokyHvMoV8RDnW1ewG5a1A	0	Sentiment(polarity=0.35, subjectivity=0.45)	0.022222222222222223	0.05555555555555555
8771	1	1	doHwhaE3RACJbIcRg8WAzQ	very dope restaurant this pizza absolutely amazing margherita pretty life changing also romana salad might best salad ever cheese croutons fresh loved italian sodas mallofogiesp probably best dessert ever staff very friendly provided great service recommendations everything about this place oozes authenticity from italian staff speakign little scooters front compliementary powdered dough with sugar limoncellos after meal this isnt best pizza right behind pizzicletta definitely above cibo bianco books	pjpUOlJLlkIxBZ5BquA2PA	pjpUOlJLlkIxBZ5BquA2PA	5	42114.75681712963	p3MHtxrms8yZ-X4R2396Ag	0	Sentiment(polarity=0.3432773109243697, subjectivity=0.46092436974789913)	0.0	0.044444444444444446
6257	2	3	8oEFnDG-iX6e2BMMJq0FpQ	dear lord this place good turf more often than care admit always wondered what food here like really picky when comes pizza italian food most places tend much sugar their marinara friend wanted some place neither been heard good things about this place from some friends decided give ordered salad pizza couple drinks were both blown away with only service food well there couple artisan pizza places that from pomo that attention honestly pomo hands down favorite pizza place	pjpUOlJLlkIxBZ5BquA2PA	pjpUOlJLlkIxBZ5BquA2PA	5	41731.6153125	6Z9B-CtCS6R8Sil7U9cz9A	3	Sentiment(polarity=0.34040404040404043, subjectivity=0.5262626262626262)	0.0	0.044444444444444446
5496	1	4	rfaUlIFb78qR5tVR7rf0FA	love their vegan options here appetizers entrees pizza desserts entire family happy here thats challenging thing sometimes ordered vegan sausage parm sandwich with salad vegan ranch truly amazing miss italian neighborhoods growing with delicious food this brought back home only even better because vegan hubby cajun alfredo pasta chipotle pasta dish both vegan vegetarian both said deliciouscouldnt confirm both picky about portions taste they both were very satisfied cant wait other things menuwe will definitely back	7eQoxWr9RzyCB9IFvqHUPA	7eQoxWr9RzyCB9IFvqHUPA	5	42735.67393518519	ib-M7U7ddqD1Ues7xcqOxQ	2	Sentiment(polarity=0.34038461538461545, subjectivity=0.6153846153846154)	0.0	0.05555555555555555
5681	0	0	wFGAwZxLEeXT1Z1n5A5mqA	very picky with pizza this place best pizza thin neapolitan style pizza although whole pizza yourself seem like food actually heavy overly filling nice lunch would split salad pizza between people ingredients authentic italian love that menu describes items using italian words just authenticity makes things went there with family food came very quickly server great answering questions very good prebussing clearing table unnecessary plates cups flatware also made point just giving time hang enjoy company while rushing hand bill owner manager came over gave free sangrias during meal dessert after dinner drinks house hospitality here truly amazing worked restaurant industry over years very obvious that staff here trained well enjoys their work that together with amazing food pomo place	pjpUOlJLlkIxBZ5BquA2PA	pjpUOlJLlkIxBZ5BquA2PA	5	42176.24335648148	py3gjbm8bEIWEg4swvvJRQ	0	Sentiment(polarity=0.3233333333333333, subjectivity=0.6068421052631581)	0.0	0.044444444444444446
1902	4	7	paNf2OMJn1SDgAvdzgYAVQ	pizza that gives money that moving from back have pizzeria bianco closest pizza that compares loves order pizzas half half which wish knew when ordered lambrusco perfect pairing pizza complimentary italian bread baked well they give quality evoo sonny must good want another right wise white pizza that good prefer pizzas with tasty tomatoe sauce gnocchi sweet pastas ordered werent cooked dente stick pizzas note need more make rsvp	cs1qJvnWUg_f8g020z_3PQ	cs1qJvnWUg_f8g020z_3PQ	5	42140.65547453704	5BpJEC8YVi80ecWT5CtlfQ	4	Sentiment(polarity=0.3232600732600733, subjectivity=0.43223443223443225)	0.022222222222222223	0.022222222222222223
4587	0	3	ZIaYC-GyrVAETbrl5iP1AQ	finally first chance defalcos gonna much that hasnt already been said awesome super authentic italian deli grocery store interior maze food incredible prices just right tonight first visit full purista sandwich traditional cannoli glass italian wine boot total cost about came just over minutes quite ready sandwich level that franciscos molinari deli pretty damn close sandwich tons prosciutto mozzarella plus basil tomato peppers evoo balsamic vinaigrette mine italian baguette their recommendation sandwich huge ingredients were fantastic cannoli also excellent with rich creamy filling sweet shell with just right amount crunch yelp reviews accurate accolades well deserved anthony defalco family have done excellent carving their niche valley restaurant scene saturated with italian establishments here just about pizza pasta about whole italian culinary experience from restaurant grocery store butcher truly valley landmark every sense word	r5PLDU-4mSbde5XekTXSCA	r5PLDU-4mSbde5XekTXSCA	5	42342.171122685184	WMMI5Q4Rmm1Rqdu0jOvyhQ	2	Sentiment(polarity=0.31892006802721085, subjectivity=0.5370748299319729)	0.0	0.14444444444444443
7876	0	5	wCoCMa-kNfHFntL2rJT46g	have slice heaven they also deliver house which even better after reading reviews yelp wife decided check great little place very friendly people were escaping inferno apartment performing igloo like standards bunch dogs water bowls went yelp adventure pizza metro great choice they gave tons water calm sweltering hearts served amazing food start pizza crust served with cold onion bruschetta best describe very good could however wife loved salad next shared their least expensive salad nice leafy spring with onions tomatos tangy italian dressing would order side future very good more then enough both entree margherita pizza which added olives ordered small will last lunches leftovers surprised olives cost extra other than that loved enjoyed well home made gnocchi which were very good very filling comes with your choice sauce ordered four cheese sauce could excellent again would sauce with please there support them they worth have been searching pizza place downtown area believe this champion	VRC7J-ahI4em9ddhihxq5w	VRC7J-ahI4em9ddhihxq5w	5	39611.002916666665	mAMBUHtMO9fuToGhGPGoYw	4	Sentiment(polarity=0.31790322580645164, subjectivity=0.5550537634408602)	0.0	0.05555555555555555
3215	0	0	dous5encdApYutIPad7mBQ	girlfriend came july great time there wait seated inside opted dine patio mist wasnt very strong were fine heat ordered sproccoli stuffed pizza unaware that takes minutes cook waitress extremely friendly attentive made sure were comfortable during wait also small dinner salad with house italian delicious decent portion finally pizza came huge ordered really enjoyed maybe such long wait however time there enjoyable staff always very welcoming helpful	dUffgo9Lh_Vk9TLuFR5ywg	dUffgo9Lh_Vk9TLuFR5ywg	4	41459.91758101852	ABm5Uzn-KQED1kQdX1oyzw	0	Sentiment(polarity=0.3116666666666667, subjectivity=0.6452046783625732)	0.022222222222222223	0.022222222222222223
730	0	2	5bU-L-Gt512RtSge8gCZUw	friday night when dont feel like going dont feel like cooking either devil take devil offers your standard italian fare pizza pasta calzones boyfriend settled sausage pizza wings order fried zucchini mushrooms friday night take pizza good toppings cheese ricotta cheese some extra wings were pretty good were hoping more honey type wing these more like spicy wing good just really what were hoping fried zucchini mushrooms were tasty really could they leftover pizza honestly even better next make sure enough leftovers downside price aint cheap those three items order over occasional take treat however worth	dSEcQPPUlATxZf5pvN_t5Q	dSEcQPPUlATxZf5pvN_t5Q	4	40461.83158564815	A2JGzkvNjckSmps_4FbKWw	1	Sentiment(polarity=0.3075, subjectivity=0.4006944444444446)	0.0	0.0
4691	0	2	dHEd_JimUtiqKiDeBb8KTA	would actually like give this place possible love italian food really could rate about places from havent been there long things have changed some favs might even there owns this place from connecticut believe real nice people with sincere italian accents there pizza reminds alot east coast pizza probably closet what remember alot really damm good best thing have here however veal parm panini think they bake bread there veal definitely done site mouth watering thinking about place right matter fact ordering	EgwGTDZ705TwudPJwAY0yQ	EgwGTDZ705TwudPJwAY0yQ	4	39776.12484953704	mrEoKZsYtSgMJsIuLr_oTg	1	Sentiment(polarity=0.3025510204081633, subjectivity=0.42397959183673467)	0.011111111111111112	0.03333333333333333
8975	2	5	2IdRefj6HsG210DNtOkdHw	favorite italian joint they some minor problems when went lunch conditioning fritz entrees didnt come same time food service awesome felt like italy which impressive considering west side next circle ordered veal cannelloni everything lunch portion size perfect pasta ingredients tasted very fresh delicious focaccia bread started with also homemade very yummy other guys went with ordered pizza with sausage broccoli said awesome sadly didnt have enough room stomach having devoured entire meal will definitely that next time liquor license	VRC7J-ahI4em9ddhihxq5w	VRC7J-ahI4em9ddhihxq5w	5	39632.754375	OxQNhLe_1X9unJJtp7n7uA	5	Sentiment(polarity=0.30083333333333334, subjectivity=0.5708333333333333)	0.0	0.05555555555555555
4742	0	0	quIm-uN9HY3_Re6asdJz6w	been oreganos sure keep coming back yeah bellinis pazookie food food takes forever while their menus servers give fair warning that because they make everything from scratch that takes longer make however know that just marketing ploy longer they make wait telling that perfection just takes time more youll want time food makes youre starving that point everything tastes good right appetizer list have tried guaca tony fresh guac pizza bread with much parm them also expect wait calamari actually pretty decent reminds mozzarella sticks though garlic bread wish bread didnt come plastic sweet potato fries waffle fries sandwiches italian sausage sandwich spicy sausage size since full size much cheese looks fake good have reheat next meatball sandwich standard factor pizza have about minutes wait pizza pretty good have tried pasta friends have ordered look amazing bellinis good strong mango peach margarita pazookie skip food just order these does take minutes make choose between chocolate chip white chocolate peanut butter cookie service slow sure many tables each server assigned only have wait food waited drinks refilled waited server bring waited bill cant tell lots waiting	dUffgo9Lh_Vk9TLuFR5ywg	dUffgo9Lh_Vk9TLuFR5ywg	3	40183.18400462963	9KIGNO7qJ6366VBAzO0Npw	0	Sentiment(polarity=0.2887755102040817, subjectivity=0.5504818594104308)	0.0	0.022222222222222223
3474	0	0	oWZcOEcvWAwJMNgKyKSN1w	town some barros pizza course suggestion owner there anyway creat something traveler like vaccume sealed pizza something wanted order size pizza take dallas then thought about carrying pizza through security sitting airplane making everyones mouth watering wont fair didnt that actually kept saying they wont carry next time just prove wrong going order take with dallas getting expensive your pizza maybe open here dallas help open better idea travelers from other state provides airline ticket stub gets that great idea tell that other pizza place like barros dallas some true italian pizza amazing honestly pizza when venice nothing like barros barros love your pizza this much also very good idea guys have very pretty girls handsome guys front remember this helping most beautiful blue eyes ever seen tell totally straight your eyes just beautiful imagine asian like having aquia blue eyes that will totally exotic sorry side tracked about barros pizza guys just awesome planning make another visit soon pizza free with free advertisement just kidding sure miss your pizza	ygZSfAsnlztdeWZOlJA2Ug	ygZSfAsnlztdeWZOlJA2Ug	5	42032.093310185184	I49YlA_84naO59X0N3Sy7g	0	Sentiment(polarity=0.28590909090909095, subjectivity=0.6126936026936026)	0.011111111111111112	0.011111111111111112
9072	0	0	Se7DQaP6iPKTj25LSQKdDA	going back pizza metro brainer great italian food tried special grilled pork with gorgonzola sauce which great would randomly select dishes most places here there little chance getting miss service setup great	VRC7J-ahI4em9ddhihxq5w	VRC7J-ahI4em9ddhihxq5w	5	40765.628287037034	1ZPqlcxGGwvvth08c7TZ_g	0	Sentiment(polarity=0.285515873015873, subjectivity=0.4801587301587301)	0.011111111111111112	0.05555555555555555
4284	2	6	aWMScQSS56LMFem9-8r3Vw	place that tries their best remember your name tops book dont turned strip mall location most eateries phoenix same boat just northern great location driving wise know joint owned same just opened thirteen north restaurant doors west same plaza food itself usual order this place family swears whiteout pizza ricotta mozzarella romano garlic tomato fresh basil baked freshly tossed dough amazing chicken wings well roast beef italian bread before were quite pleased always bianco parlor cibo some fancy artisan pizza valuetaste ratio money stumpys great neighborhood pizza joint	pCWg4B0R5gauQR4SJ9VDmw	pCWg4B0R5gauQR4SJ9VDmw	4	40713.201053240744	5dKknvq65x-SaluuJjT0Kw	3	Sentiment(polarity=0.284375, subjectivity=0.5046875)	0.011111111111111112	0.05555555555555555
9126	0	2	Zfgx73C65XSAeU41-Zr_pw	this place amazing finest italian food best italian style pizza have ever check pictures walked this italian accented down explained everything pizza brick oven much more chef genius with making italian food very unique this place want pasta pizza many other italian foods price plate very surprised awesome place	pjpUOlJLlkIxBZ5BquA2PA	pjpUOlJLlkIxBZ5BquA2PA	5	41978.8471875	p1f_od_hujlnyySHO9cJJA	0	Sentiment(polarity=0.28121031746031744, subjectivity=0.41884920634920636)	0.0	0.044444444444444446
4923	0	1	87BY4uhe1MTRqOkcEO777A	good thin pizzza wood fired brick oven very interesting toppings very italian delicious olives example pizza little soggy like come here split salad split pizza people gets very crowded noisy during snowbird season friday saturday nights wait over minutes	jG1jcAeDw0pZTHCNC5kw_w	jG1jcAeDw0pZTHCNC5kw_w	4	40237.670625	1hK0e2-LbzVTayPxBZ1Kjg	1	Sentiment(polarity=0.28035714285714286, subjectivity=0.5571428571428572)	0.022222222222222223	0.08888888888888889
1307	0	0	7JtHAvW2W7OTLlV0NnJDkg	first time obsessed definetely worth ride live west valley ordered centurion pizza purista sandwich eggplant parmigiana sandwich looooved foccacia bread delicious pizza crust sauce definetely best italian deli have been will recommend friends family very casual order register they call your number take your food your table waited around minutes pizza sandwiches that made very happy were starving very very family oriented loved that wont disappointed great food friendly staff	r5PLDU-4mSbde5XekTXSCA	r5PLDU-4mSbde5XekTXSCA	5	41805.877071759256	wMLZqo--O6-Zb5pZ19KNFw	0	Sentiment(polarity=0.28009740259740257, subjectivity=0.6016666666666666)	0.011111111111111112	0.14444444444444443
4920	0	0	J1Yp0a5zkp7ZnBADBjqoVg	just tried defalcos tonight after featured weekly yelp newsletter cheesesteaks margherita pizza dinner salad enjoyed italian dressing spices just vinegar expected special homemade type dressing since this italian deli both husband cheesesteak they loved roll great that very important whole package meaty well husband liked fact that cheese mixed melted into steak bottom roll laying didnt like fact that they didnt have teenager wellif have teenager know where coming from even though liked like philadelphia sandwich company better will hard right defalcos another quick thing mention taking orders rude attitude doing favor standing here taking your order dont know hung over having first impression	r5PLDU-4mSbde5XekTXSCA	r5PLDU-4mSbde5XekTXSCA	4	40749.167974537035	Fx471oyzcBl2Hu6IIIhJog	0	Sentiment(polarity=0.2752513227513227, subjectivity=0.5267857142857143)	0.0	0.14444444444444443
1150	1	0	KNOoC90ZUgBW1A3G5CMeRw	youre craving some good italian deli food this best around extensive menu from pizzas deli sandwiches also italian groceries where pick some great quality meats always order their sandwiches like meatball philly cheese steak portions price just right about only knock have wait time long cant afford long lunch work	r5PLDU-4mSbde5XekTXSCA	r5PLDU-4mSbde5XekTXSCA	4	41063.97350694444	bdXsGvf3k-GFGETQSa68ng	0	Sentiment(polarity=0.26857142857142857, subjectivity=0.4319047619047619)	0.0	0.14444444444444443
4272	0	0	s5xlkZq70yuRbMHEgEFl8Q	strange place wouldnt necessarily know good sandwiches bread little harder made fresh house worker pizza great shared slice because couldnt finish other workers also sandwiches they thought theirs were great also fresh meats italian goods there great even just planning authentic italian meal home	r5PLDU-4mSbde5XekTXSCA	r5PLDU-4mSbde5XekTXSCA	4	42231.055972222224	pEqVPB_xtb6ymCNbgnqmaA	0	Sentiment(polarity=0.2669642857142857, subjectivity=0.4732142857142857)	0.011111111111111112	0.14444444444444443
893	0	0	4m0DHamo6wCa-7MCtlMgng	best cheese steak arizona best meatball subs west from jersey have eaten down east coast this place real jewel only authentic italian deli have found here arizona cheesesteak italian baguette crispy outside soft inside pasta deli cant wrong here important understand that everything home made takes time more than think approx minutes most orders call your order ahead time then will love coming here often they sell limited quantities pizza dough daily make home amazing cheap	r5PLDU-4mSbde5XekTXSCA	r5PLDU-4mSbde5XekTXSCA	5	40510.84605324074	hZFzo6HD06gtj4J7O2ki_Q	0	Sentiment(polarity=0.2617376775271512, subjectivity=0.45167084377610695)	0.0	0.14444444444444443
1625	0	0	qgT2uMQi2bYyAfmPwEF7rg	visiting business close spotted pizza stopped like italian bistro decor also like lunch specials they have pizza slice good side salad basic side salad usually wings were good waitresssuper friendly	7eQoxWr9RzyCB9IFvqHUPA	7eQoxWr9RzyCB9IFvqHUPA	5	42823.86540509259	WsAejVneMXU-_yp_W0b_2A	0	Sentiment(polarity=0.25416666666666665, subjectivity=0.3458333333333334)	0.011111111111111112	0.05555555555555555
6733	0	0	XX-q4Sy3r11TpKciLqsE4A	died parts ordered made hotel rounds them days those hotels downtown terrible only bright spot that night dinners delivered room from pizza metro victor owner delivered them himself eggplant parma linguini carbonara were perfect will never stay that hotel again will definitely having more meals this restaurant great italian food from italiano phyle	VRC7J-ahI4em9ddhihxq5w	VRC7J-ahI4em9ddhihxq5w	5	40756.847395833334	cAIbx77Z0lNSy4mSZbeH_g	0	Sentiment(polarity=0.25, subjectivity=0.69375)	0.011111111111111112	0.05555555555555555
3099	11	12	H6tkgQZfydO9jTFB0Xk-ZQ	dreading long week need quick before weekend hits head down over this behemoth upscale delight that serves tasty mediterranean menu that will keep your wallet plastic cards happy savvy with concept brand then know exactly what talking about another masterpiece done creators true food kitchen modern steak happy hour lounge main patio mist roll with clan grab lounge seating which located area especially summer main swanky spacious once fall hits patio might most ideal enjoy some nice weather lets talk food drinks real reason even bother right sangria white lychee blood orange peach blackberry rasberry strawberry tempranillo decided this favorite small sampling before both sweet just right unfortunately hard fruits them still satisfying flatbreads theres choose from personally enjoyed prosciutto crudo crispy potato asparagus fried piccante italian sausage spicy salami love pizzas spread over like jelly toast bacon wrapped dates italian sausage piquillo pepper sweet savory wasnt crispy still pleasing know some group ordered some bruschetta cant comment much what could about service attentive friendly candy just saying from host bartenders servers were wowd ultra posh dining area bathroom will might most stylized toilette ever tainted lets just bathroom stalls have wooden doors http wwwyelpcom photos wukzas mwselect ifevxeyxojjt with little room complain olive sounds like winner winner chicken dinner help through your slacker ways week	wUKzaS1MHg94RGM6z8u9mw	wUKzaS1MHg94RGM6z8u9mw	4	40799.790925925925	8DGFWco9VeBAxjqsuh1aSw	14	Sentiment(polarity=0.2466214726631393, subjectivity=0.5421847442680776)	0.0	0.0
9382	4	3	iOb0F9DSdidXGv01WrUB9w	getting hype problem that with everything good came something menu huge selection basic italian food pizza definitely highlight problem that huge including goofy oversized menu that partner head across table pricing pretty good some things were high some were have pretty darn good portions portions garlic cheese bread awesome huge almost huge though appetizer point where filled much could barely finish pizza pizza well hugeee chicago style appetizers getting chicago style because will finish even come close happy with pizza next week other hand also zany zitti which well pathetic small unsatisfying served bread bowl mean cmon many carbs person have flavors were boring well something would ever recommend being made better home from flavors special surprising opinion therefore interesting wanted back good pizza with definitely place drag friends good thursday night	_ZwDLtBopUHb6F2mIPFUJg	_ZwDLtBopUHb6F2mIPFUJg	2	39933.36142361111	r7XYI0fArgMPVqpv_3TMUw	2	Sentiment(polarity=0.24227551020408167, subjectivity=0.5877074829931974)	0.0	0.022222222222222223
2456	0	1	vRiPA0efB9EQzvt1oscR5Q	wanted really love this place would have overall meal good service cannoli were outstanding started with calamari huge pizza half meatball half cheese they were both good sauce favorite thick sweet sweet taste dough awesome thin crispy just like back east meatballs were solid will back some sauce based pizza pasta dishes prices fair staff awesome blows away chain owned local will back sure there other places around here would like before settle local pizza italian spot	EgwGTDZ705TwudPJwAY0yQ	EgwGTDZ705TwudPJwAY0yQ	3	41230.11686342592	3xs7B-XSVDiCz0dJ01NLZQ	0	Sentiment(polarity=0.24166666666666667, subjectivity=0.4718888888888889)	0.0	0.03333333333333333
1791	0	2	EuEg5Fr43a124uXEhD9TFQ	grazie right down street from hotel when phoenix social media conference told hotel staff that this restaurant place italian ventured down main street found this little rustic like restaurant walked french doors were opened warm flowing myself ordered glass three pinot gris enjoyed myself while watching european soccer heaven ordered salad start well pair with pizza that ordered salad little bigger then needed anyways salad topped with artichoke hearts tomatoes onions nice light balsamic vinaigrette ordered individual pizza with garlic tomatoes spinach perfect size crust perfect amount cheese other toppings worked incredibly well together satisfied little tipsy walked with full full belly	jG1jcAeDw0pZTHCNC5kw_w	jG1jcAeDw0pZTHCNC5kw_w	4	40115.693877314814	nlsxDX6nKcVDGWzVxdsWiQ	2	Sentiment(polarity=0.23696263227513226, subjectivity=0.5120205026455028)	0.0	0.08888888888888889
9595	9	12	BzRfVn2jgvoBWz3LwX-S9A	love reading about yelp friends vacation finds always bookmark them because although never know when that part country know those bookmarks will eventually become tourist destinations yelp knows comfort foods when raves about pizza york cheesesteak philly phoenix there wait phoenix that cant right this aint chicago york teds buffalo blooming right here middle desert transplanted from original wintery environment sometimes when food tourist over order different things your waistline youre vacation least thats what tell myself absolutely judgement from teds when ordered regular jumbo beef italian sausage bratwurst chased down with some onion rings loganberry milkshake what makes teds good charcoal came they were adding bunch charcoal grill gives nice smokey flavor good snap each dogs sausages were excellent tough choose which best actually think preferred basic because soft grind wiener offset with crunchy slightly charred casing texture heaven sure this dressed classic chicago style chopped onions relish tomato pickle yellow mustard dressed beef with kraut chopped onions excellent although little firmer texture most beef dogs they have polish bratwurst italian white under their sausage menu read couple slightly negative reviews white while sounded very interesting room down this visit italian bratwurst them dressed same with grilled onions peppers opted sauce side sauce pairs perfectly with italian sausage this nice spicy italian adding sauce seemed just reinforce that same flavor rather than cover teds interesting home made sauce made salsa condiments this what would relish onions ketchup vinegar base bratwurst went straight with some brown deli mustard awesome next visit trying chili cheese sure onion rings taste like onion loaf super peppery they have great batter here like that still taste onion there isnt much batter loganberry shake must order perfect sweet creamy drink offset spicy italian sausage from what understand loganberry western flavor because dont around these here parts much like blackberry have idea loganberry flavored cream vanilla cream with loganberry syrup whatever order will happy cant wait until next time phoenix buffalo charcoal grilled teds http wwwyelpcom photos teds dogs tempeselect htwxebtjrmwgh g#oclob pzuunccib	tWiFat101ID5w_wgAPMXhA	tWiFat101ID5w_wgAPMXhA	5	41675.041180555556	Bt6gmjnWHPERhiOTQOhuEA	10	Sentiment(polarity=0.2367063492063492, subjectivity=0.4414428164428164)	0.0	0.0
377	1	2	xfp6ANlBXkhC9N74kTd34g	quite possibly best italian sandwich have ever great service location best owner here also owns north same little shopping center there enjoyed stumpys pizza past never opportunity drop very glad like italian cold this	pCWg4B0R5gauQR4SJ9VDmw	pCWg4B0R5gauQR4SJ9VDmw	4	42386.7146875	o1hdVCYTWCTHEQZbmVT8Jw	1	Sentiment(polarity=0.23437499999999997, subjectivity=0.41875)	0.011111111111111112	0.05555555555555555
1576	5	7	SNHnu3XZu-8PhlhF-ktfqQ	lunch meeting today decided deli question italian kosher deli hadnt been falcos over year seemed good revisit have sandwich patio before italian beef with peppers onions only comment that wish they would dunk entire sandwich think messy have good timein fact required thats really complaint mind just comment falcos gives plenty love form nice sandwich with great ingredients great fresh bread choices crunchy italian roll best sandwich like this lunch companion chicken parm never been falcos really italian deli sort really pleased with selection well fact were leaving pizzas said going give them pizza this weekend really impressed only other italian deli sandwich shop phoenix that tried lukes chicago know really same some sandwiches similar italian beef italian beef think falcos substantially better their broad selection sandwiches meals other take really gives them service courteous prompt everything shows table time great place lunch take italian	r5PLDU-4mSbde5XekTXSCA	r5PLDU-4mSbde5XekTXSCA	4	39896.82677083334	SrF972IxsELYQ3eaWB5X4A	7	Sentiment(polarity=0.2337121212121212, subjectivity=0.4640151515151515)	0.0	0.14444444444444443
5516	0	1	_zyCto1uPB9S4XCQ32QBjA	there around friday place wasnt busy clean basic italian pizza joint with reds primary color schemesit nice service quick adequate ordered standard cheese combocheeae sauteed onions with fries sandwich good plenty beef fries were just okay because these were lightly flowered battered fries isnt really thing they hold thier crispness better standard foot long pretty fact only half will have something look forward this back probably running	Hpi9raHlFm6prTSzFHTurg	Hpi9raHlFm6prTSzFHTurg	4	42902.99445601852	JRVZG46DixeBx6VtFEUJzg	0	Sentiment(polarity=0.22333333333333333, subjectivity=0.42625)	0.011111111111111112	0.011111111111111112
2612	0	0	pu__bZ6jno8Rsz5FgeiJjQ	first time trying this place since moving from california came friday night wait hour mins little disappointed since first time there decided stick long wait while were waiting they brought samples cheese pizza which were fresh oven super yummy after being there mins they down wanted everything since first time there ordered garlic cheese bread wings antipasto salad italian wedding soup chicken pizza margharita pizza everything ordered soooo good salad refreshing garlic cheese bread delicious pizza cooked perfect thin crust tasty finished this meal with cookie pizza better then famous pazookie from this place excellent back probaly order take weekend night	dUffgo9Lh_Vk9TLuFR5ywg	dUffgo9Lh_Vk9TLuFR5ywg	5	41706.28729166667	bFJ8T97ddqKLcmiNy7ocow	0	Sentiment(polarity=0.2220138888888889, subjectivity=0.6002777777777777)	0.0	0.022222222222222223
5329	1	1	MugX0cEgHtq-eyhBjziiqA	they disappoint asked little unique spin traditional pasta sooo fresh tasty great authentic italian grocer restaurant middle town definitely stop fresh pasta pizza sandwiches	r5PLDU-4mSbde5XekTXSCA	r5PLDU-4mSbde5XekTXSCA	5	43382.76596064815	2v38YzoFeOjeRy4O92d2tw	1	Sentiment(polarity=0.20875, subjectivity=0.525)	0.022222222222222223	0.14444444444444443
4623	0	0	BTpwgMe1fFJjyqsshAs_zA	have been wanting find good italian place around town decided time drop into pizza heaven started with bone wings agave sauce wings were sauced nicely husband ordered milder version think agave would have just right flavor wings were perfect crisp very tasty overall ordered spinach chicken alfredo which served with huge pieces foccacia super picky especially when comes cream sauces this best alfredo sauces have ever white meat chicken fresh spinach surprisingly light being cream based sauce couldnt enough husband built pizza with hand tossed crust marinara sauce pepperoni sausage throughout jalapenos half crust perfect toppings very flavorful service experience strange some recommendations food will bring back more they offered drink specials looked offer pizza slice other lunch specials during just found italian place central phoenix	7eQoxWr9RzyCB9IFvqHUPA	7eQoxWr9RzyCB9IFvqHUPA	4	42920.138078703705	gOYgSEbE-Z7cqGsgGW3LBg	1	Sentiment(polarity=0.2084215167548501, subjectivity=0.48373015873015873)	0.0	0.05555555555555555
2119	2	5	qvNfNjqkjkHxmMLrdf9ddw	have been craving pizza awhile friends finally decided defalcos their italian food right choice quick rather confused terms order first because grocery store restaurant same time unlike others they have tables chairs between aisles there isnt really clear separation between grocery store restaurant itself once enter just ahead stand line order then find table afterwards think getting sandwich from safeway ordered purista since almost everyone yelp recommended there variety bread choose from like marble sour dough wheat ordered crispy baguette along with sandwich very fresh mozzarella cheese very spongy good proud myself getting other friends ordered calzone pizza margherita didnt calzone because looked huge stuffed with cheese just like pizza folded half knew going sick that thank however pizza phenomenal friend says order know italian restaurant really good always order most basic margherita test didnt disappoint basil leaves were super fresh great	r5PLDU-4mSbde5XekTXSCA	r5PLDU-4mSbde5XekTXSCA	4	42489.75378472222	DBWi8k3INAzg93Y5HuvhJA	1	Sentiment(polarity=0.2014571428571429, subjectivity=0.4867142857142857)	0.011111111111111112	0.14444444444444443
1749	0	0	Zyup_tRymlKokx7ESmiOzg	before spot always check yelp honestly surprised good food rating grazie here went sunday were seated promptly that nice since brought month atmosphere cozy warm feels like place where would want celebrate enjoy bottle wine they even cute patio server polite offered taste bottle wine before decided overall attentive enough needs with being overbearing service prompt even though ordered dinner same time were given enough time between feel rushed that where experience turned ordered bruschette miste overall were disappointed with quality portion good italian sausage cheese overly spicy pesto flavor less white bean tomato only diced tomato drenched them balsamic waited dinner dinner dame ednaa pizza melanzane parmigiana eggplant share were pleased with pizza fair amount prosciutto arugula piled looked beautiful tasted good flavors were bold still complimented each other very well eggplant parmigiana sadly very different story presentation again very nice flavors were there eggplant totally overshadowed breading which heavy thick sauce good flavor somewhat sparse leaving whole dish unappealing dessert calzone this yummy came warm nutella banana delish combination regular size plenty share between people even though there bite left plate this highlight meal something could recreate somewhat easily home overall there were bright spots meal pizza desert were both yummy think going trying somewhere different next time mood italian pizza	jG1jcAeDw0pZTHCNC5kw_w	jG1jcAeDw0pZTHCNC5kw_w	2	40049.52892361111	7XsdyfHaVsk0SHL80dXIqA	0	Sentiment(polarity=0.198953488372093, subjectivity=0.5243858079904592)	0.0	0.08888888888888889
6013	0	2	i14bWdQwMQNY_aIWnpWx4A	great patio their patio will have amazing ordered italian cheese pizza looked tasted like digiorno actually digiorno better hate digiorno	yUkOP3Tmdp1pWA7p3zHboQ	yUkOP3Tmdp1pWA7p3zHboQ	1	42082.85502314815	l4u_QOlSCErpHYu6JInpRw	0	Sentiment(polarity=0.18333333333333335, subjectivity=0.525)	0.011111111111111112	0.011111111111111112
7432	0	0	FEETl45wAcKV3lRntS_L9A	small little pizza spot with decent variety italian dishes great quality food only tables inside there limited seating quality food delicious	VRC7J-ahI4em9ddhihxq5w	VRC7J-ahI4em9ddhihxq5w	5	43001.16645833333	RHgrusHdZLWearqiDu47EQ	0	Sentiment(polarity=0.1822172619047619, subjectivity=0.5574404761904761)	0.03333333333333333	0.05555555555555555
4225	0	0	C4WfC9AtF9IldFhW1lkReg	have been eating marios pizza past years takes care catering when have party house love their yummy italian dishesmy eggplant parm have used mario catering several times same great taste every time	EgwGTDZ705TwudPJwAY0yQ	EgwGTDZ705TwudPJwAY0yQ	4	42613.82334490741	bmoBfaLMHsnQJZkJipUvvw	0	Sentiment(polarity=0.17500000000000002, subjectivity=0.28750000000000003)	0.011111111111111112	0.03333333333333333
475	0	1	0vhtxjIciGQ6NMgfJiEJAg	first experience defalcos great visited with coworkers shared giant delicious pizza salad some pasta were absolutely impressed with atmosphere food rolled ourselves building with boxes second experience definitely opposite first took fiance surprise birthday when arrived employee took order which repeat times ordered cheese lasagne cappucino fiances italian sandwich with olives coors bottle cookie asked that cookie drinks brought down waited food always takes while come which fine atmosphere incredible everyone relaxed after about half hour food came still drinks food came fiances food missing olives drinks were still missing food wrong well dessert fiance went talk employees came back extremely upset asked about drink cookie been blown employees multiple times including them asking other wanted iced cappuccino initial employee responding whatever just make that lack customer service infuriated fiance eventually drinks showed table still cookie ordered about minutes later initial employee that taken order showed delivered cookie family table next with adorable children were delighted surprise they said thank much what surprise tried flag down ignored walked away after finished dinner walked asked same employee could then have cookie ordered looked confused shrugged asked another employee help only kind employee help entire night then this employee seemed pick crappy attitude service most team giving remaining guests wonderful just kind with smile offered cookie love some italian cookies even because late really dont need that much sugar going late night concert then cookie with remainder cappuccino gave dishes very sweet busser also great attitude only building left extremely disappointed because after living italy year rare find such establishment with store great food with lovely atmosphere after such crappy service treatment fiance trying correct order will likely return	r5PLDU-4mSbde5XekTXSCA	r5PLDU-4mSbde5XekTXSCA	2	43299.14021990741	4gPnK4Q74fqPQ7p2eIt2wg	0	Sentiment(polarity=0.17396090534979425, subjectivity=0.4931687242798354)	0.011111111111111112	0.14444444444444443
3142	0	0	65QCuYsD-yvHJ4t0b6R4gQ	grazie grazie family decided last minute some great pizza pomo unfortunately recent press they received caused influx patrons looking same great pizza were wait longer than cared deal with since were starved decided grazie based some fairly decent reviews similar pizza style they claim prepare when arrived first thought this appears well together restaurant cool building neat colors town scottsdale location were greeted tween girl most ridiculously short shorts borderline disturbing were seated table that they readied when called ahead surprise table wasnt ready when were seated because covered flour told that wipe down since thats where they were rolling dough really table restaurant anyway felt good about cleanliness table since throughout dinner rest evening bleach smell stayed with seating arrangement quite awkward because table directly next being used tween workers area store their purses iphones silverware they needed wrap every minutes they would down next chat text isnt there work customers tend something tidy suggest employee lounge wife ordered couple cocktails wine birra both were nice ordered appetizer share caprese salad waitress delivered salad mentioned asked chef additional piece tomato mozzarella basil that wife daughter could each have slices very nice unfortunately caprese salad mediocre best presentation sloppy bottom plate puddled olive cracked pepper kinda just over placejust looked messy quality mozzarella salad dense went local grocery store bought slab mozzarella cheese ordered pizzas margherita capricciosa they arrived promptly looked good crust great both pies light airy with nice chew margherita very simple good great could have used more freshly chopped basil right oven small flower basil cooked burnt center really wanted capricciosa great wasnt been known complain when pizza toppings shorted especially topping prices some pizza restaurants charge however this exact opposite capricciosa much terms volume topping specifically kalamata olives they overpowered more delicate flavors from artichokes italian artichokes were hard small enough delicate just quite hefty price what would think simple dinner much beers glasses wine pizzas salad incd decided against desert went sugar bowl yumm	jG1jcAeDw0pZTHCNC5kw_w	jG1jcAeDw0pZTHCNC5kw_w	2	40389.77609953703	o4BUpSF7sjeet7QSbdZ78g	0	Sentiment(polarity=0.17255243764172337, subjectivity=0.5056831065759637)	-0.011111111111111112	0.08888888888888889
9151	4	3	uOya80bppIemWXmBvAbCSA	this place classic east coast italian with parking rear unmarked back door entrance included definitely down hole wall type place with musty smell decor sure hasnt ever changed decades this place existed five came saturday night whim something different from usual haunts this place different area where several were showing cards preseason game muted sound music there were other parties area average approx fortunately none them really problem with obnoxious drunkenness sure many people were dining room portion restaurant suffice place from empty which always good sign there only bartender waitress working area though were more than patient amiable still very flustered with duties were drunk didnt care food ordered eggplant rollatini mozz sticks start pizza manicotti chicken parm fettuccine alfredo everything pretty good huge portioned relatively cheap traditional italian american food really spot marinara sauce incredible manicotti bursting with ricotta pizza good chicken parm standard spaghetti cooked perfectly dente fettuccine probably loser group meal course good creamy hoped this exactly type experience expected went looking honestly have feeling well back	Zv77o3aDuNDY0t3fCU2ebQ	Zv77o3aDuNDY0t3fCU2ebQ	3	40065.059953703705	Yc3g0KMp3991QIC4Ot1fxQ	3	Sentiment(polarity=0.1710978835978836, subjectivity=0.5061507936507935)	-0.011111111111111112	-0.011111111111111112
3686	0	0	za6hCjidGB-ElL2Q1m7lIA	yummy quality simplicity what make great italian food they have those important factors down their sandwiches delicious meats they have city favorite sandwiches capacollo hard salami provolone their outrageously wonderful white italian roll usually wheat make exception here worth they also great italian grocer your italian fresh pasta pizza dough wine italian goods prices reasonable wont disappointed this truly little italian desert very casual delicious highly recommend defalcos wait wait sometimes long worth hurry call ahead	r5PLDU-4mSbde5XekTXSCA	r5PLDU-4mSbde5XekTXSCA	4	41076.24012731481	h-YddB7Yl-AnY3TnTmC3wg	0	Sentiment(polarity=0.17020299145299145, subjectivity=0.4642521367521367)	-0.011111111111111112	0.14444444444444443
5793	2	3	Sug1vMi6o-BaE0zleqehwQ	first oreganos tried during prior week place packed minute wait less wait this friday made decor super cluttered funky look lots odds ends mostly vintage with posters photographs most fascinated wire spring with large christmas lights looming overhead serving unconventional lighting whoever came with this truly creative ordered cheese pizza thin crust side meatballs with marinara sauce cheese hallmark good italian place good meatball their eggplant parmigiana they make these well including good marinara good place meatballs came first they were delicious they were hard soft like bears they were just right herb combination excellent italian restaurants tend much oregano they marinara good sweet acidic much oregano happy disappointment came with thin pizza which took thin another level thin from york pizza snob perspective love thin pizza this thin almost like pita bread crust that thin pizza plenty cheese problem there waiter jesus asked wanted more cheese which turned down wanted dessert such tiramisu disappointed find that only dessert pizza sundae sorts suggested waiter that some italian desserts might good idea italian themed restaurant promised pass suggestion corporate their prices fair because this there were many families with children lots children lots noise lots children fussing crying dont mind noise like your pizza super thin this place	_ZwDLtBopUHb6F2mIPFUJg	_ZwDLtBopUHb6F2mIPFUJg	3	42763.25246527778	ahwwAXJ_qwGmuRjTOHHMWg	3	Sentiment(polarity=0.163599537037037, subjectivity=0.5502397486772488)	0.022222222222222223	0.022222222222222223
3028	0	1	O78Va8zihBrnckFe0lEb4w	everything about this place spits fire spitting fire gooooooood chase crew rock without even breaking sweat pizza wings great think ready italian crispy sourdough with everything habanero mayo call matt boom instant classic dont even another state waste time stumpys	pCWg4B0R5gauQR4SJ9VDmw	pCWg4B0R5gauQR4SJ9VDmw	5	40274.98003472222	w-KzK3EsqPHV8KaAUtKX9Q	0	Sentiment(polarity=0.16111111111111112, subjectivity=0.34722222222222215)	0.022222222222222223	0.05555555555555555
4235	0	1	8yevPV1v9rEalwHIbBeD-Q	love grazie they have opinion best italian style pizza valley made through most pizza menu love complimenti alla mama vegetariana sofia think their crust what does thin crispy still soft chewy perfect seasonings their marinara sauce also really really good this place totally hidden even though crazy weekends completely dead weeknights only reason instead stars because their menus always really dirty some servers kind holes they also seem only want cater large parties weekends show date youll most likely awful table pizza good almost makes	jG1jcAeDw0pZTHCNC5kw_w	jG1jcAeDw0pZTHCNC5kw_w	4	41101.756944444445	pQ8qmUnAZH0hYToenRS57Q	1	Sentiment(polarity=0.1594104308390023, subjectivity=0.6505668934240363)	0.011111111111111112	0.08888888888888889
7814	6	13	D_MUeaLJ2T5SB5nle0eI_Q	prego little know this word would become near dear here with fair unless italian blessed your ears with sound your imagination listen colombian from york describe italian roll your lips inwards gently breathe through your nose roll those prrrrreee clear added emphasis maurizio greeted with prego soon were seated least thats what myopic memory will always hear from deep within belly short percussion came prego waters were seamlessly table when inquired about sign outside wine have sangiovese five dollars prego pronto came biggest goblet wine history life still shocked enormity vino peeked menu looked friend agreed wanted pizza mensa candidates there were three columns sought assistance starved envious neighbors plates desperately wanted place order maurizio efficiently highlighted differences pizzas thin crust twelve inches classica imported tomato sauce tradizonale respects napoletana style standards focaccia tomato pizza salad hoovered down idea wanted more pizza havent stopped talking about pizza perfectly satiated amount food shared however could have scarfed another slice down toto sapore perfect pizza that night meat wasnt salty italian sausage pancetta salame prosciutto sauce introduced overwhelming crust crispy wafer thin like paper passed fold test because really pizza meant eaten held your hands insalate pollo offered generous share pine nuts avocados grilled chicken grape tomatoes spring greens with lemon vinaigrette surprised lemon vinaigrette wasnt strong mind trying mango salad next time goals have have goals dessert still have half filled goblet wine haste consume pizza been left unattended unheard begged sweets suddenly little shot glasses appeared table prego then plate thinly fried dough sprinkled with powdered sugar limoncello house maurizios friend because everyone friends this restaurant filled teeny tiny glasses with bottle that read everclear were armed with instructions limoncello gingerly approached limoncello despite concerns about consuming grain alcohol delicious alas drove pass over dessert drink dining companion thinking night couldnt possibly sweeter note maurizio brought chocolates when unwrapped they held special messages enjoys happiness feels woman happiness gives will always beautiful will always true italians love romance bring date prego multiple uses after being thanked youre welcome dont mention response request course have tried saying loud hmmm prego alright fine have some amazing pizza	pjpUOlJLlkIxBZ5BquA2PA	pjpUOlJLlkIxBZ5BquA2PA	5	41699.35648148148	EJ7ZhRHsMWj8du77LX34gw	7	Sentiment(polarity=0.15708730158730158, subjectivity=0.5626507936507936)	0.0	0.044444444444444446
4342	0	1	eVZ0LUvV4fq10fPOUdgFjg	told about this place coworkers knew that used live italy really miss italian products food step there things used italy would definitely give grocery part starsi back time italian love their pizza yummybut took them like minutes make have also their italian sausage sandwich which also great that took over half hour guess italian mentality where nothing should rushed little long always come back because delicious worth wait staff friendly give four stars because items take longit though will always come back definitely recommend friends	r5PLDU-4mSbde5XekTXSCA	r5PLDU-4mSbde5XekTXSCA	4	40678.76799768519	rKOVduk_kQpoIiom5lbBAQ	0	Sentiment(polarity=0.1530103668261563, subjectivity=0.3008771929824561)	0.0	0.14444444444444443
1776	0	0	bb6tSyu-Pvo31F-yPY3Hkw	chainsmoking that worked with years said wanted real italian food here chef boyardee going have wait next tonys pizza until gloria showed errors culinary ways fazolis idea great italian food that time defalcos location then think much smaller than current version better worse just seemed more homey foods awesome service good ambiance diminished from locale think always same eggplant parm sandwich dont expect entire menu rehash support locally owned shopsthey usually work harder longer make food actually care about qualitythank gloria chainsmoking broadfor suggestionfor secondary smoke great conversationsbetween your coughing fits	r5PLDU-4mSbde5XekTXSCA	r5PLDU-4mSbde5XekTXSCA	4	43349.26913194444	YAMGqwqitDCKdXRFkU7pbw	0	Sentiment(polarity=0.1523809523809524, subjectivity=0.3333333333333333)	0.011111111111111112	0.14444444444444443
4190	1	3	ltCAB0IEnoKyIEWJnn5nAA	please oreganos come cali love this place sooo much everytime come phoenix spring training salivate knowing whats coming uporeganos always have bigger party when come they everything they accomodate this last time screwed gave wrong number people when they tried didnt wait little longer another table manager came gave free appetizer fried ravioli with jalapeno cheesewow didnt have that since mistake another great reason love this place besides amazing food ambiance great reminds italian joint they have your basic italian foodlasagna noodles pizza stop there pizza yummo they have thin thick crust ordered thin perfect cant complain this place only reason they getting four stars parking wait little long wait dont come hungryyou will grumpy meee parking sucks will have find spot street somewhere this location greatest areas phoenix lock your	dUffgo9Lh_Vk9TLuFR5ywg	dUffgo9Lh_Vk9TLuFR5ywg	4	40994.96107638889	uCuB4r3H8aN4NlrunhCjgg	1	Sentiment(polarity=0.15108695652173915, subjectivity=0.5681159420289855)	0.0	0.022222222222222223
4645	7	9	WQV1SqSifCLoJs0HTvnTHQ	strolled with posse people birthday party staff accommodating getting everyone seated served with drinks especially people funneled throughout night place isnt huge really only accommodate large party time first vegetarian muslim aware that going authentic italian restaurant meaning that their menu items will have sausage salami being cognizant that smart idea peak menu before arriving vegetariana pizza which came with mozzarella provolone caramelized onions roasted peppers parmigiano reggiano thought tasted great crispy thin crust plenty cheesy thought above average pizza nothing that would have impressed emeril addition pizza split spiedini forno which marinated beef tenderloin shish kabob style with onions bell peppers tomato waitress advised ordering beef medium higher because overcooked dont usually medium advised correctly came with only little redness packed good flavor onions bell peppers tomato kardashian meaning that they show substance didnt think they added anything entree fact didnt even them which rare pass food wasnt like full they just tasted bland dessert they brought birthday dolce della casa which slightly charred sweet calzone filled with chocolate hazelnut sauce topped with bananas vanilla cream everyone shared spot however once cream runs youre outta luck dessert really complemented with sweetness coldness vanilla cream environment kinda noisy probably because were group wait staff kinda slow once again because there were they playing knicks game happy being able watch linsanity woodfire oven blazing away some good ambience overall this place would much better date small group gatherings otherwise waiting your food long feel little crowded just beware bill become little pricey arent splitting entrees	jG1jcAeDw0pZTHCNC5kw_w	jG1jcAeDw0pZTHCNC5kw_w	4	40963.94467592592	6p1NDChnIpGl29Ce3cMKWg	4	Sentiment(polarity=0.14428258145363412, subjectivity=0.5731516290726816)	0.011111111111111112	0.08888888888888889
4619	0	1	DslYWcc741KSvzN-a4YDnA	rosatis have been several locations valley this location will that dont return bought groupon specific this location thats ended here they dont have same specials this location that they have other locations like really yall gonna charge almost sandwich with drink fries when other locations dont usually order italian beef that comes with fries drink under charged cent cheese another cent pickled veggies they didnt have wine that listed menu that wasnt problem until asked wine they told refer menu dont yall tell what have since turned into guessing game supposedly happy hour wine pizza good though good luck owners this location seemed fickled cheap wont back	PmkXtqIcjQGpNShB8yTSrA	PmkXtqIcjQGpNShB8yTSrA	2	42221.69173611111	rTP_xCgLW691is5U9Pw3OA	0	Sentiment(polarity=0.1357142857142857, subjectivity=0.33928571428571436)	0.0	0.0
1259	0	2	ymu6PI_1kDodsvdol-zkNw	dear defalcos sorry didnt give fair shot sooner first time visited there must have been something interesting cooking smell turned right around didnt want come back finally over months later gave glad your vegetarian sandwich wasnt just lettuce mayo cheese overflowing with yummy veggies like carrots onions avocado tasty italian dressing wheat roll crunchy outside chewy middle unfortunately some peppers from another area deli case made their into fruit salad lemon tasted bland bitter other than that glad gave another chance will surely back again maybe pizza more authentic italian desert next time kind regards molly	r5PLDU-4mSbde5XekTXSCA	r5PLDU-4mSbde5XekTXSCA	4	40373.11920138889	0qHOB3OdcgOI1_V7oSle2g	0	Sentiment(polarity=0.12800207039337475, subjectivity=0.48597308488612834)	0.0	0.14444444444444443
4819	0	1	X7kxQjGAxx_F5JXIu_qPag	looking italian place that wouldnt from gila river casino where going take show didnt want their food court even though really like their ginger star food court stand wanted down dinner with really good italian food after saturday night gave them call before headed these days never know gone business before things just that volatile restaurant business they answered asked needed reservations said safe reserve reservations when there tables were empty minus there with acrylic sign that read reserved tables before could open mouth tell them that reservations young lady pointed table back corner brusquely told there table with reservedsign better situated table didnt want conflict where told were served olive herbs balsamic vinegar with some fresh bread another server tall young attractive african american woman seemed glide walked very graceful bread fresh enough nothing excited about reminded dogs rolls split half they were dipping sauce very tasty usual added flecks salt flavors needed something here cook didnt bother trying figure what lacking fresh garlic cloves some freshly chopped basil would have done ordered chicken marsala chicken piccata which came with salad side pasta each internet indicated price know takes time update website accepted charge salad iceberg lettuce pieces tomato black olives slivers cabbage slivers carrots mozzarella cheese what side salad hubby kept counting ingredients visions salad make nightly hour before dinner many many ingredients mixed greens kale cabbage broccoli crowns radishes walnuts grape tomatoes onion cranberries sometimes feta cheese blue cheese depending tangerine apple cider vinegar vinaigrette they indeed hearty healthy delicious salads think spoiled core dont what thinking counted ingredients shut youre home smile entrees arrived marsala piccata each slices chicken breast their respective sauces slices were very very very thin would that they were about thickness kidding fooling both dishes sliced mushrooms them mine pieces artichokes think from minor sprinkling mini capers could have done without artichokes added nothing dish could have used more capers love capers think thats order dish like lemony caperish taste meat sauce sauce lemony enough caperish enough sauce runny both dishes hubbys marsala just enough that marsala wine taste after eating weight watchers sized cutlets passed entire plate hubby finish after best interest didnt beyond what plate would have cook when home after show would never force after starts rummaging through fridge know feel guilty enough make least omelette smoked salmon omelette thats favorites getting back rest meal after giving away chicken other side concentrated eating side pasta given angel hair with marinara sauce ziti with sauce sauce nothing special average nothing left what interesting that hubby asked sauce ziti diavolo spicy marinara sauce waiter said this request problem impressed that knew about this sauce that said know that some restaurants dont know what diavolo sauce smiled said know behold what exactly does behold mean does anyone know diavolo sauce nothing more than sauce with pepper flakes like flakes your pizza what down service waiter very welcoming cordial polite clean restaurant good intentions below average food	EgwGTDZ705TwudPJwAY0yQ	EgwGTDZ705TwudPJwAY0yQ	2	42064.940717592595	ahwwAXJ_qwGmuRjTOHHMWg	0	Sentiment(polarity=0.12756515043828473, subjectivity=0.4468165126747216)	0.011111111111111112	0.03333333333333333
5962	12	13	su0dnvJcAyrHAxGVFQmtAg	there cornered with ratty circle that obviously needs armed gaurd outside their sign comparison claaaassssy once inside realize this going ways obviously based previous reviews went right server classically italian shoes anthony bourdain hair mixed with jovial european attitude accent perfectly cool felt like tony soprano sopranos written kevin smith mobsters discussed comic books with their generally bandanad currently little black dressed friend amanda atmosphere quaint food would help over death your italian grandmother pizza divine imperfect look lasagna says this going better than making with head cheerleader behind bleachers high school assume talk about comic books this never happened beef whatcha call while everyone perfectly lemony perfectly fresh perfectly refreshing tasty table behind brought their wine which will certainly next time assume that there corking resonable speaking reasonable prices were incredibly quality food must have something with heavily gaurded circle next door	VRC7J-ahI4em9ddhihxq5w	VRC7J-ahI4em9ddhihxq5w	5	39680.761087962965	K0sapHOlhlGNjx3GBeSf5A	13	Sentiment(polarity=0.1194400352733686, subjectivity=0.44539682539682535)	0.0	0.05555555555555555
8659	0	0	Cq6U2bbzajIXLVDPEKbDog	wish could wittier this some pretty good vegan pizza finding pizza with cheese when eating vegan difficult finding food options period difficult vegan friend searching places besides usual friends suggested this place know what berkeley vegan pretty delicious used distrusting fake cheese meat have been able aside that fear realize that fact cheese they here daiya think remarkably similar real thing burger crumbles were flavored like italian sausage large terrible from cheaply priced crust okay chewy prefer like cardboard either vegan looking pizza this good choice	6--gCQ9zYrIMW-VsOM7XdQ	6--gCQ9zYrIMW-VsOM7XdQ	4	40327.238854166666	Y8O0dlUOU43qpzz6soRaRg	0	Sentiment(polarity=0.11554621848739495, subjectivity=0.670798319327731)	0.0	0.0
2876	1	2	Ndi6JMY6tg6Di-B3m4Dd5A	eager staff like they mission serve quiet cozy place what want first date need little energy from enviro well crafted baked watching flecks dough cook perfection their idea perfection looks little dark should like slight charring prosciutto ingredient real thing crust lean seems like flour water yeast salt little shortening this golden where your hand comes away greasy after grabbing slice excellent salad fresh romaine good sharp cheese dont like healthy dose dressing them lighten caesar tasty interesting selection italian wines small pour this artisans pizza deserves round rich cheesy pies that found elsewhere	5ykOWYZ44sUvu9qxD8rPeg	5ykOWYZ44sUvu9qxD8rPeg	5	41203.040821759256	twAFfhzuAwvyqzLC5r6W0Q	1	Sentiment(polarity=0.09384920634920635, subjectivity=0.5087301587301587)	0.011111111111111112	0.03333333333333333
8521	1	1	BBmHIDom1MqbHQXziVzJ-w	told myself ordered that former location carusottis yield good pizza carusottis well from ashes carusottis comes pizza italia which initially appeared reboot former business occupying location came find entirely different animal ordered quoted minutes everyone knows cant rush perfection waited heated anticipation when arrived they werent overly busy this saturday night wasnt exactly slow either noticed employees perhaps part ownership chatting with customers outside good sign thought then approached counter through window chefs that were crafting dinner there were older younger gentleman woman also greeted welcomed with smiles feeling walked into household pieces together this appeared family operation paid pizza wings exited thanked business gentleman that speaking with customers outside alright driven home point this friendly family joint pizza wings review pizza others have mentioned cracker thin crunchy crisp good tasting sauce where really shines cheese other toppings sausage which stated homemade really good there were chunks bulk casing italian sausage salty quality spices onions that ordered separate topping were slivered instead diced again overwhelming rather they were mild sweet cheese used good quality creamy mozzarella stringy well melted plentiful wings were cooked very well slightly drier side sauce goes meat inside juicy tender these werent typical sloppy buffalo wings dripping with sauce personally indifferent either style heads anyone likes more traditional style wings also drums dozen which bonus they also serve packaged kens ranch which personal fave pizza into squares which threw little good news there less crust they really entire pizza edge however unexpected skeptical first ultimately appreciated different preparation dont confuse this with oreganos style super thin crust experience though much heartier pizza could imported flour they boast perhaps finally they deliver news open sunday which often pizza maybe theyll reconsider some point going argue motivation places being open sundays although pizza place little disappointing especially during football season overall they offer very tasty well crafted food quality ingredients unique spin otherwise local mundane offerings being local establishment family gives reason keep coming back little pricey side again paying quality viva pizza italia	wwjkBRfPIzyP9pvi94cH8A	wwjkBRfPIzyP9pvi94cH8A	4	40127.23060185185	6k2VpCFOJrXoqcEevwGgxA	0	Sentiment(polarity=0.0838362068965517, subjectivity=0.43103448275862083)	0.0	0.0
131	0	3	6jI9jjo_iKuM79uIjS2nlA	average best however food snob love atmosphere casualness drinks have been wanting here while finally went tonight website brags about meticulously chosen imported italian ingredients which great need equal amount care preperation this area grazie seriously lacks ordered charceuterie plate marcello pizza here problem cured meats were extremely lazily learning mechanical slicer requires little training small amount effort uneven cuts mechanic slicer really executing something simple shows little care pride when brought table asked food runner what meats responded giving akward look stacking side plates just front walking away understand cheap labor that available arizona come very least they should able tell customers what they about also dont afraid cured meat with drizzle quality olive some cracked pepper maybe squeeze lemon price claims would expect pizza fine until sliced tomato fell pizza exposed nasty underside uncored tomato again showing lack care preparation carelesness like this tells making pizza huge tomato core pizza just turned over expose core with garnish basil sprig stem dead center pizza nowhere else overall being town should better there quality places this them grazie have good place your kitchen	jG1jcAeDw0pZTHCNC5kw_w	jG1jcAeDw0pZTHCNC5kw_w	2	40252.247245370374	PhEpbB9cRdauHwoeqLa3Rg	1	Sentiment(polarity=0.07029761904761907, subjectivity=0.5096003401360545)	0.022222222222222223	0.08888888888888889
4069	0	0	apeFuaGOydUQTMkjQzakYw	didnt have been heaven pizza heaven that parking friday evening hellish decor nicer than expected dining room cozy romantic there live music pizza thick doughy more along lines dominos style pizza then fancy authentic italian pizza	7eQoxWr9RzyCB9IFvqHUPA	7eQoxWr9RzyCB9IFvqHUPA	4	42121.879641203705	or3gX2wK76cdCRZrb3boBA	0	Sentiment(polarity=0.06704545454545455, subjectivity=0.484375)	0.022222222222222223	0.05555555555555555
2113	1	1	sSovgtPrt8u16SvlsA8svQ	after reading positive comments about this place thought would with family have truly disappointed pizza little sauce chicken parm sandwich very asked extra sauce still came fettuccine alfredo actually very tasty spaghetti meatballs good very overdone burnt tasting overall cannot recommend this restaurant although they have quite nice selection italian groceries	r5PLDU-4mSbde5XekTXSCA	r5PLDU-4mSbde5XekTXSCA	1	40425.92434027778	NwTxmU7bJW5p43onH1ObQA	0	Sentiment(polarity=0.04914772727272728, subjectivity=0.4454545454545454)	0.011111111111111112	0.14444444444444443
8005	0	1	3EHL-xMQCayVUrTpDNb4zg	moved scottsdale weeks ordered delivery from this place practically every other weeks always tipped cheese dogs pizza puffs salad great staff itself doesnt respect delivery driver late minutes because issues completely understood things like that happen when delivery driver came shook hand tipped receipt walked back inside phone told next order house because food arrived late first thought great come next call somewhere between noon redeem offer given order identical made previous instead getting calzone again which unsatisfactory asked wings since have never tried them from chizonas cashier said they were wings then talked about what alternatives there were decided chicken fingers careful exceed dollar amount previous order cashier said thank your order will there minutes order arrived chicken fingers were missing thought maybe driver forgot them since there delivery receipt order quickly called chizonas asked them call delivery driver since couldnt have gone away another cashier than made order with picked phone this time looked over receipt said there were chicken fingers receipt instead cashier taking initiative saying were sending sorry asked wanted driver them come back quite clear this intentional previous cashier didnt want give valuable food free neither wings chicken fingers politely answered thank cashier hung after that done make good experience them this like being spit told owner first orders have been many many pizza restaurants italian eateries things like this separate average places from great ones will from here again ever	6zincCvQTb9BsuK-GHZ4cw	6zincCvQTb9BsuK-GHZ4cw	1	40950.754907407405	kPQfYAWV0eSXOIZXCj7cHQ	0	Sentiment(polarity=0.030913978494623656, subjectivity=0.48145161290322575)	0.011111111111111112	0.011111111111111112
8805	0	1	izkNeJMJ8T-plFu4yuAUUA	friend husbands gave gift card this place told they great food decided give there were four party were lucky table since very very small restaurant items ordered between party four italian wedding soup eggplant parm pasta with bolognese sauce house salad pizza with sausage onion basil pizza barely onions very little sauce cheese didnt eggplant parm pasta italian wedding soup other party members stated food average reasons giving only star very poor customer service waiter could barely speak english then when presented gift card owner came told would accept gift card stated gift cards were purchased when someone else owned restaurant obligated honor there would know this gift card were given same restaurant logo currently husbands friend would have knowing this restaurant sold when sold this place neighborhood didnt feel safe around there	VRC7J-ahI4em9ddhihxq5w	VRC7J-ahI4em9ddhihxq5w	1	40826.96195601852	IZycvsMgKUcSt5LdMhWZAg	0	Sentiment(polarity=0.023098958333333332, subjectivity=0.4083333333333334)	0.0	0.05555555555555555
2105	1	0	prjfVwQ8-PASW50oleEKEw	found this place years while searching deli with friend have been coming back ever since hands down best deli valley possibly real taste worth sort wait that except lunch recommend italian cold meatball subturkey chicken parm have pizza would assume bomb diggity almost forgot about chocolate canolli tell this place excites	r5PLDU-4mSbde5XekTXSCA	r5PLDU-4mSbde5XekTXSCA	5	40947.19472222222	44S7sbmm3v0VbyRg80oLmA	0	Sentiment(polarity=0.018055555555555575, subjectivity=0.36736111111111114)	0.0	0.14444444444444443
2009	0	1	_0qb8aYP0hhwGGd7-xb1Bw	friend recommended this place took family there dinner place clean decent atmosphere friend recommended wings they were best came with extra charge carrot sticks ranch ordered italian hoagie philly cheesesteak salad pizza italian hoagie described salami pepperoni with sauteed onions tomato lettuce with provolone cheese salami they nasty think they cheepest cotto salami they there plenty salami there very little pepperoni sandwich greasy tasted like cheap meat genoa hard salami make cents less sandwich sell times more them philly sandwich outta small house salad good room temp added bacon bringing small salad with store bought ranch pizza ordered thin crust crust potential great under cooked worked pizza joints years pizza came with missing toppings left alone waited mins server check pointed mistake told that theyre computer system made hard them ring pizzas correctly offered take pizza back just said bring missing toppings will after mins later there toppings brought table flagged down asked about toppings said they would right half pizza missing meatballs italian sausage brought bowl smashed cold meatballs dumped inquired about italian sausage said smashed with meatballs there gave this place this point took mins charged toppings pizza that only toppings waitress correct this slice cold pizza with wrong toppings dinner left angry will never back here again will recommend anyone	w6frk94BwGwxenre_zeXUg	w6frk94BwGwxenre_zeXUg	1	41897.15246527778	566WTDA3N2Eq1EdkfbJ4Xg	0	Sentiment(polarity=-0.04856552981552982, subjectivity=0.4272415272415273)	-0.011111111111111112	-0.011111111111111112
8624	0	0	fkCuvzheefPJCDnOiH5ywA	first time there last week ordered cheese italian sausage pizze hardly sausage server wanted another glass wine asked husband wanted another beer also asked about thin crust when ordered pursue ended with their standard crust finally server never asked food topping extra sauce because pizza	v2tjswIV3e0c8o7_7MwYmg	v2tjswIV3e0c8o7_7MwYmg	2	41735.032905092594	MlEQItWYNAJs-hYAiGOpBg	0	Sentiment(polarity=-0.05520833333333334, subjectivity=0.3614583333333334)	0.0	0.0
7547	0	0	qlNDocMyaMc2OnjTpnM11Q	thought spicy italian pizza with pepperoni onions italian meatballs mozzarella cheese sweet didnt taste like pizza very spicy though wife hated made drop rating stars thought might push wont back ever	RztX0zV7ObHZD08SDUhI0Q	RztX0zV7ObHZD08SDUhI0Q	2	42849.00041666667	MO2toAPm6Ln1bry6k6onwg	0	Sentiment(polarity=-0.05833333333333333, subjectivity=0.27499999999999997)	0.0	0.011111111111111112
8108	0	2	o3X4hM3O3Tep5NISN8FRvg	first thing that turned that this family italian restaurant with kids menu feed kids cost cheese pizza soda crazy went with party ordered eggplant parm with fettucine riazzi both dishes were flavorless very disappointed would never back surprised read couple reviews saying food salty because tons salt parmesean even make mine edible tasting yuck seriously been wanting this place long time bummed	TAoN9nsibXOxsOnnG7Kd_g	TAoN9nsibXOxsOnnG7Kd_g	2	40375.14833333333	bhJ6ivAuSpgXP4JiKWjSZQ	0	Sentiment(polarity=-0.20104166666666667, subjectivity=0.521875)	0.0	0.0
